subreddit,0
WoahTunes,6.39884688567768
GuiltyPleasureMusic,6.0095006942633855
90sAlternative,5.840871282288606
Alternativerock,5.74741938235093
runningmusic,5.707331080990902
Liftingmusic,5.6788449059078125
Musicthemetime,5.625602322402769
treemusic,5.4547142545032195
80smusic,5.407726601109852
futurepopmusic,5.378153707835101
chillmusic,5.357192935310529
MusicVideos,5.228237315726514
RepublicOfMusic,5.201355813603752
indie_rock,5.189990631706536
Cyberpunk_Music,4.948502142449525
trueMusic,4.940485536761893
NameThatSong,4.826740443565108
indie,4.811106651013063
ClassicRock,4.77237777927849
rnb,4.732802152054914
ListeningHeads,4.65255653618249
rock,4.6368747517263476
OldSchoolCoolMusic,4.6280502660283895
funk,4.610067601069269
newretrowave,4.5952972136470445
IndieFolk,4.56350593559979
chillwave,4.53247078540158
makemeaplaylist,4.50262306592619
futuresynth,4.491441141985421
ifyoulikeblank,4.449585557373651
90sHipHop,4.449363918304998
listentous,4.417065766710595
triphop,4.369005509916967
listentothis,4.3674180001157294
kpophelp,4.3593825760724245
soundtracks,4.320765128684548
postpunk,4.2671089843093215
psychedelicrock,4.257584125944643
recordstore,4.244014782854695
futurefunkairlines,4.223942343287181
VinylDeals,4.198437075043723
altrap,4.196223717894489
moviemusic,4.183617444138716
japanesemusic,4.153777296722362
synthrecipes,4.124812639553046
liquiddnb,4.092367493106351
idm,4.036917375459723
folk,3.9813230338478416
EDM,3.973225975222887
NuDisco,3.9714177420438874
futurebass,3.9265648294975253
spotify,3.8530136658405527
hiphop,3.828700777348703
darkjokes,3.8217749598801207
jpop,3.8170294592342144
futurebeats,3.805420682551683
ambientmusic,3.775888582136896
Music,3.7552650747181033
chillstep,3.7520965097396095
electronicmusic,3.729970045949938
Nujabes,3.7231588873190313
ambient,3.650844354605159
electroswing,3.6493342806757196
tipofmytongue,3.628716641701418
LofiHipHop,3.602536421058369
melodicdeathmetal,3.5601609170359008
Frisson,3.545985157320604
stonerrock,3.5365820815734477
popheads,3.5109775122787052
Currentlytripping,3.476318734286543
indieheads,3.4753786610687207
symphonicmetal,3.4621227899737645
LetsTalkMusic,3.4614051406617965
folkmetal,3.4531408167027045
shoegaze,3.448383290822065
AlbumArtPorn,3.4344006162865313
shareyourmusic,3.415029245642534
trapmuzik,3.413776924796599
PostHardcore,3.404778870682323
melodichardcore,3.403016820999836
progmetal,3.384751712250083
Metalcore,3.3736060329493007
triplej,3.3471587760719403
grunge,3.342730399944727
Punk_Rock,3.3364321777800767
hiphop101,3.3093023515000524
postrock,3.299695691874679
ChristianMusic,3.2996520596730083
poppunkers,3.2962177183462327
experimentalmusic,3.2790333713284645
JiffyBot,3.268986711763861
progrockmusic,3.2663139438893203
GifSound,3.233036966436034
PowerMetal,3.224560732948508
outrun,3.1687994716810644
lifeisbeautifulLV,3.1583843350035727
Stuff,3.1578304516117917
DnB,3.1386287944634588
rap,3.1005228921402535
Djent,3.0662980478688695
trippy,3.0575735876461225
country,3.047501327545568
coversongs,3.00480120087307
deephouse,3.0001881211645363
gamemusic,2.99806863197741
House,2.9936081837150237
Vulfpeck,2.9789455602406147
doommetal,2.9610352010622876
hardstyle,2.9343653807471637
Emo,2.9200884416750417
mathrock,2.8964269391491726
Deathcore,2.865295517445844
crappymusic,2.8641967380741833
Jazz,2.7879984615489137
blues,2.7878512655223995
InterdimensionalCable,2.7604371588254546
industrialmusic,2.6856496895471884
grime,2.6716180606227375
Psybient,2.667654241626585
AboveandBeyond,2.6445036661033865
vintageobscura,2.6321314085176035
trap,2.6019335881342576
Monstercat,2.5999589740336715
boardsofcanada,2.593870167852491
Metal,2.592672081324577
kpop,2.5850471120450247
futuregarage,2.5564614025097816
electrohouse,2.548526245192478
hiphopheads,2.5378170313681276
ThisIsOurMusic,2.5327600969324755
Deathmetal,2.526587954389206
EmoScreamo,2.5241403490114385
Howwastoday,2.4967436035253203
dubstep,2.4889414022232947
burial,2.4615920741579806
punk,2.438466912939407
195,2.414624639363281
TameImpala,2.3464845126773177
reggae,2.326541765813882
FolkPunk,2.2919628454455334
Flume,2.2280703396251584
RedditDayOf,2.175123307834901
trance,2.1718867063791074
boniver,2.1538126557538444
NotTimAndEric,2.102374616477833
Songwriters,2.082802487713139
sad,2.0648567046664517
PinkOmega,2.062737992122952
Ska,2.0600076676433305
musictheory,2.0558243562149148
Techno,2.0558076970587256
bobdylan,2.0260372295499307
sorceryofthespectacle,2.023220448105785
deadmau5,2.01319295385255
aphextwin,2.0032086376764884
Coldplay,1.9466063610625868
Zappa,1.9207741037854864
video,1.9092345142602372
classicalmusic,1.9080873898336792
qotsa,1.9040704489320552
macdemarco,1.8792106478165909
LinkinPark,1.8757505653879714
Vaporwave,1.8664303679453502
TooMeIrlForMeIrl,1.8497560281967778
sharehearthstone,1.7993802386603006
DavidBowie,1.7944775427460238
glitch_art,1.7860862975380736
Hardcore,1.7819932331794375
BlackMetal,1.7816467222320245
mashups,1.7740855216655769
infp,1.7669122951923617
ween,1.7270200642255886
goth,1.726018268873322
DaftPunk,1.7228643461197977
TheStrokes,1.706320863176919
themountaingoats,1.7024137517470355
VaporwaveAesthetics,1.699909916362736
wsgy,1.694755997178771
trapproduction,1.6623242599541217
gorillaz,1.6304367919439957
bonnaroo,1.617873835937182
the1975,1.6152634613109458
randomactsofcsgo,1.6089607689024148
ModestMouse,1.5912837923632552
WayOfTheBern,1.5774818983691183
wayhome,1.5740442265760377
TheWeeknd,1.5698395116448125
sadboys,1.562325602448296
AnimalCollective,1.5536484942488331
CasualConversation,1.5342247179172817
youtubehaiku,1.5305782802495633
nin,1.5195033375838611
Bass,1.4896570441538037
Drizzy,1.488988372087727
awakened,1.4850994081617537
dancegavindance,1.4775667497890541
Foofighters,1.475165511934637
porterrobinson,1.4704629326160163
KGATLW,1.461661620243742
realdubstep,1.4611136808192189
RandomActsOfGaming,1.4457997185283875
radiohead,1.4337700578356136
Coachella,1.4292851742604136
FilthyFrank,1.4009433517465957
edmproduction,1.3992333396680234
shittyadviceanimals,1.3827080147790978
arcticmonkeys,1.3811762199350273
DeepFriedMemes,1.3781013265723232
Heavymind,1.3696511753283018
playitforward,1.3632527553983729
LSD,1.3624830588141117
test,1.349075915589183
weezer,1.3371406615955375
lewronggeneration,1.3308534545116837
Muse,1.327518906477433
BABYMETAL,1.3123454804158408
singing,1.3087339272605623
pinkfloyd,1.3060142930753869
ericprydz,1.297909309571079
TheRedLion,1.2969615767327163
RedHotChiliPeppers,1.2885805640508339
MetalMemes,1.284592544858578
GiftofGames,1.2743471837937597
HelpMeFind,1.265320058956576
OFWGKTA,1.2544488835698149
bangtan,1.2472871995895305
RandomActsOfTf2,1.2472831843257588
ObscureMedia,1.2366420159327414
twice,1.232575004423387
piano,1.2284230042362807
Hiphopcirclejerk,1.2265979261121462
WeAreTheMusicMakers,1.2221043722900993
SNSD,1.2168878264569098
KendrickLamar,1.1698282697714866
CFBOffTopic,1.1688535244143279
lanadelrey,1.1599645799623335
boottoobig,1.145815886200759
Ghostbc,1.1453335203641148
donaldglover,1.1343425781408454
Nirvana,1.1199348826667708
jakeandamir,1.1177224661698075
twentyonepilots,1.1163630968824956
serbia,1.112647683231658
headphones,1.1094149832261133
beatles,1.1080589765878135
drunk,1.0998447152464126
G59,1.082869910026967
Kanye,1.0766929545640989
rocksmith,1.072594169455249
pyrocynical,1.0669900234260394
skrillex,1.0638535618881415
LetsChat,1.0560347293715744
Eminem,1.0307962169865112
animation,1.0163057800153026
lifeisstrange,1.0116614658454968
woahdude,1.003732655761276
Blink182,1.0023087183330934
infj,0.9940230078410937
AskTrollX,0.9880286375820784
kpopfap,0.9797251471671347
Wetshaving,0.9793217995473905
futurebeatproducers,0.971643574716997
travisscott,0.9697379029305939
cinematography,0.9601091672899017
guitarlessons,0.9576292590920281
gaybros,0.9473281722244276
Cyberpunk,0.9457979662949051
rush,0.9285475671672854
DeepIntoYouTube,0.9282612600095183
TheFence,0.9260538092985311
ENFP,0.9255337167790368
TaylorSwift,0.9121275617202277
GWABackstage,0.9118011713567172
greenday,0.8948373316915212
ukulele,0.8861702175320337
brandnew,0.8705586065086749
videos,0.8446258743909643
AfterEffects,0.8417604124261575
StardustCrusaders,0.8399469433525021
Cinemagraphs,0.8272290889718604
croatia,0.8245406969767518
makinghiphop,0.822167364569735
Guitar,0.8128131773227445
BitTippers,0.8115311373996195
Logic_301,0.8065880343264286
eurovision,0.8058079688031402
howtonotgiveafuck,0.805181494037647
LGBTeens,0.7986819367828524
fireemblemcasual,0.7916092706157191
FreeKarma,0.7890496037289841
steam_giveaway,0.7840963906860824
Blackfellas,0.7823795818311752
ChiefKeef,0.7780120539878536
Polska,0.7751852807413311
dank_meme,0.7696408142775512
synthesizers,0.7663043728482302
see,0.7584031704667998
audioengineering,0.7568122972683585
ToolBand,0.7544285773229701
totallynotrobots,0.74281293010209
montageparodies,0.7423320122883469
ClubTeen,0.7380206573685558
mylittleandysonic1,0.7376106327630194
Memes_Of_The_Dank,0.7294644420617129
brockhampton,0.7204783040367427
perfectloops,0.7099268954703968
MDMA,0.6983856644079899
bassnectar,0.6929897882396202
Lollapalooza,0.6923506387006246
dxm,0.6872911553756537
Metallica,0.6852492086916911
MLPLounge,0.684209601825657
Philippines,0.6781181981006308
drums,0.676643289364711
French,0.6610300761705649
Psychonaut,0.6487581308832286
milliondollarextreme,0.6389904709099972
thebutton,0.6379391724183109
PS2Cobalt,0.635293390898826
teenagers,0.6298541661586524
CivilizatonExperiment,0.6288735058694062
indonesia,0.6262738502897517
FrankOcean,0.6164360269645007
SiliconValleyHBO,0.6137870191102945
MrRobot,0.6108509532208444
NewYorkIslanders,0.6088342229004645
deathgrips,0.5933383350653192
greentext,0.5830453100098754
madlads,0.5681930656177567
ElectricForest,0.557290414992189
asianamerican,0.5502374841331248
cyberpunkgame,0.5477800917497371
CasualUK,0.5424165097068187
XXXTENTACION,0.5350281607371459
twinpeaks,0.5305554019242348
BoJackHorseman,0.5287308576599866
AskEurope,0.4979310294113638
zootopia,0.4922610539893208
asmr,0.4852166975521938
WatchPeopleDieInside,0.4774069384714051
Wishlist,0.46932230343825415
StrangerThings,0.4634499069143082
SanctionedSuicide,0.45861058280386097
DDLC,0.45854553456924163
DJs,0.4575415672438828
forsen,0.45444672294008015
blackladies,0.45240248056414206
cripplingalcoholism,0.4364908336158943
nostalgia,0.43562334214915777
Animemes,0.4314338148049001
HighQualityGifs,0.4308835413078357
blackpeoplegifs,0.4261953134634486
IndiaSpeaks,0.426005225810364
gratefuldead,0.4203775170056361
ChapoTrapHouse,0.41979628907162503
westworld,0.41618508890182726
Destiny,0.41555564510963877
sbubby,0.41275927052107875
aznidentity,0.41103975387857705
Rockband,0.4109692827456148
DMT,0.41091153516158585
rickandmorty,0.39024546975924107
im14andthisisdeep,0.38325345289451584
zen,0.38096672976278545
delusionalartists,0.3753759354844404
civbattleroyale,0.3642565252526352
TrollYChromosome,0.36299570655160385
entp,0.3590359431700276
Random_Acts_Of_Amazon,0.35067261580214415
90daysgoal,0.35023758875487776
katawashoujo,0.34908251795050377
INTP,0.3427986472973761
tumblr,0.342366547420029
HFY,0.3363051357181828
schizophrenia,0.33064918093820295
COMPLETEANARCHY,0.3212309661874331
neoliberal,0.31314289109158555
copypasta,0.2958960637689334
vinyl,0.2939963482792928
whitepeoplegifs,0.28971364561245416
brasil,0.28806117843866935
youtube,0.275445693689398
phish,0.2752211786746006
KarmaCourt,0.27236152800707214
UNBGBBIIVCHIDCTIICBG,0.270427459983922
firstworldanarchists,0.2693084013787811
meirl,0.26658724988093874
chile,0.2663965047058352
Filmmakers,0.2576389530272911
ploungeafterdark,0.2513078762456547
InternetIsBeautiful,0.24998692037551862
AskReddit,0.24440218627532406
Briggs,0.24115308674050828
gamegrumps,0.23767555507466528
Random_Acts_Of_Pizza,0.23539822740692026
badphilosophy,0.23514826247334483
2meirl4meirl,0.2334154988397286
ArtisanVideos,0.2273684482892398
TrueDetective,0.2263990898894021
fakehistoryporn,0.22504813100218804
GetMotivated,0.22445999565649968
Gaming4Gamers,0.22412783968824918
RWBY,0.22336812884807486
StarVStheForcesofEvil,0.22323032902779305
france,0.21949474116075499
LivestreamFail,0.2189748693094905
bipolar,0.21579088368971477
FULLCOMMUNISM,0.19916886317292287
mbti,0.19403501061092887
happy,0.19331291647452434
HistoryMemes,0.19217805247429026
blackmirror,0.19092738806783524
MandelaEffect,0.19002692868467952
Bossfight,0.1757687142126329
cocaine,0.15833208432705023
gaymers,0.15635829867492423
LiveFromNewYork,0.15175083026354444
ExNoContact,0.15073115369925957
woooosh,0.14668412066632722
ABCDesis,0.14402931966003973
GamePhysics,0.13811007055344
Parahumans,0.13795456336813658
aves,0.13375243337866313
PewdiepieSubmissions,0.1336622170452855
OpiatesRecovery,0.12638952155715047
FiftyFifty,0.11839624836089209
h3h3productions,0.11485794548341008
vzla,0.10532126157494484
FellowKids,0.10135269969204581
intj,0.10075081649836742
4PanelCringe,0.1002184256955905
furry,0.09103767348355757
TexasRangers,0.08617314145379895
farcry,0.08535890298875681
OaklandAthletics,0.07641817012047218
cringe,0.06578031875198016
traaaaaaannnnnnnnnns,0.05764544272414677
belgium,0.05372551881003634
creepy,0.05009759637619786
sexover30,0.04646383730721293
occult,0.04276995748904141
Nationals,0.04048094454573227
Doom,0.03539765053927526
WatchItForThePlot,0.029115344907836526
Unexpected,0.02689479970063218
ForeverAlone,0.021976390319926122
BPD,0.015335622443412921
Diepio,0.011668106426335088
actuallesbians,0.005225318328143401
HIMYM,0.0033587683406217936
LadyBoners,-0.004093919445194097
wallpapers,-0.00735226903201945
trees,-0.008557644174967497
videography,-0.010231663109015023
OkCupid,-0.01140945077318977
circlejerk,-0.015111949076650486
greece,-0.015957535179610596
AskMen,-0.03390669818143363
Yogscast,-0.03468486295106399
de,-0.04154244501681974
me_irl,-0.04409469044731958
humor,-0.04901183655464474
TwoBestFriendsPlay,-0.05469645679355121
anime,-0.05602468392874091
argentina,-0.05904139684212865
exchristian,-0.07150564393794413
giantbomb,-0.07327977435865725
barstoolsports,-0.0733564411786753
portugal,-0.07544112538704496
Stims,-0.08373863916169832
LongDistance,-0.08445189330766165
shrooms,-0.08796173389955818
BattleRite,-0.08805337698542971
PictureGame,-0.0893499703962139
BeAmazed,-0.09111092602727404
Romania,-0.09125137534568957
Damnthatsinteresting,-0.09171441485296712
community,-0.09505356763240928
datingoverthirty,-0.0956144208200135
furry_irl,-0.09590426670370879
ethtrader,-0.09973577043351647
Toonami,-0.10061655845351401
ANormalDayInRussia,-0.10424415787269235
blackmagicfuckery,-0.1052175919825069
audiophile,-0.1072136975305154
Weakpots,-0.10875412613159943
electricdaisycarnival,-0.10927725608755548
reactiongifs,-0.11025144708061106
Suomi,-0.11093556153100749
collapse,-0.1150649876761261
entertainment,-0.11643999520808117
youseeingthisshit,-0.1198323785485578
gifs,-0.12022289956513982
ComedyCemetery,-0.12085691467068764
Bravenewbies,-0.12706665070787385
italy,-0.12774292667572468
Braveryjerk,-0.12815264225135295
Braves,-0.13161705455448533
Kappa,-0.13281193823352738
malaysia,-0.13546137675547743
nerdcubed,-0.13579247248104265
JonTron,-0.14130290212090588
stevenuniverse,-0.15053456667913745
OutOfTheLoop,-0.16407137880468953
Roadcam,-0.17390829565489813
lowlevelaware,-0.17458823902710696
AskRedditAfterDark,-0.17729455893757054
danganronpa,-0.17855143405599247
AskAnAmerican,-0.1924626210325495
interestingasfuck,-0.19518870600809937
dankchristianmemes,-0.19542247999754492
uwaterloo,-0.19554331725033816
BetterEveryLoop,-0.1965383751963826
Cardinals,-0.1982212958803599
askgaybros,-0.19938856342494643
dankmemes,-0.20846127597184175
Celebs,-0.21152042505370014
exjw,-0.21284456808298283
Megaten,-0.21356990778230858
Gamingcirclejerk,-0.21485784735418242
MadeMeSmile,-0.2206384883184543
BreakUps,-0.2208578470617962
gatekeeping,-0.22170039474204406
Mariners,-0.22944257992864608
starterpacks,-0.2298405669788689
funhaus,-0.2323978078761803
therewasanattempt,-0.23510932287175065
shittyaskscience,-0.23617893610135882
guitarpedals,-0.23783793385871804
languagelearning,-0.23789500718780185
MGTOW,-0.25333989756715125
SCP,-0.25510742603710923
softwaregore,-0.25814340061278723
minimalism,-0.259545023704432
shittyama,-0.265303153033541
oddlysatisfying,-0.2674559122584488
Berserk,-0.26750175547280375
Undertale,-0.2704593256514284
blunderyears,-0.27519362370211475
Drama,-0.28147402487515844
BikiniBottomTwitter,-0.2816528630543625
PrequelMemes,-0.28416921693639635
promos,-0.2932494234102077
WhitePeopleTwitter,-0.29556996188988455
HalfLife,-0.303324227025241
KCRoyals,-0.3060251676318464
twitchplayspokemon,-0.3095665407967771
Anarchism,-0.3230062742342874
worldbuilding,-0.33015865467434
depression,-0.3310523868813549
Showerthoughts,-0.33172538414585384
TrollXChromosomes,-0.3457465706870793
anime_irl,-0.3500833434536211
reddit.com,-0.35105278945273766
aspergers,-0.351284309804881
MtF,-0.35849776345506335
LateStageCapitalism,-0.35900634300477735
southpark,-0.3609580574627564
MURICA,-0.3635931098340873
gentlemanboners,-0.3691209608444079
horror,-0.37932071772692466
ATBGE,-0.38158976604335754
natureismetal,-0.38524750833536225
comics,-0.3869439174365982
Art,-0.3892633601690001
mylittlepony,-0.3904050463577471
criticalrole,-0.39240683153386474
polandball,-0.39291038581614846
thenetherlands,-0.39967462300996864
metacanada,-0.40182890196768045
NoFap,-0.4087528016078043
r4r,-0.4111927374951023
ShingekiNoKyojin,-0.41512703516888666
BlackPeopleTwitter,-0.41535697401708277
Wellthatsucks,-0.4171570032689883
sweden,-0.4182037910850261
rupaulsdragrace,-0.41919765734226094
beards,-0.4196143548931399
gravityfalls,-0.4196562727422536
bisexual,-0.4211606211376779
sadcringe,-0.42121655468360153
todayilearned,-0.42325419965042954
nonononoyes,-0.42613401525520206
Drugs,-0.4289246121381947
IASIP,-0.43058321775493863
Braincels,-0.43120770130987707
hawks,-0.4346818431532722
AskWomen,-0.4365103724792098
Denmark,-0.4398167133184811
moviescirclejerk,-0.44572327973399245
wallstreetbets,-0.45023027685582745
answers,-0.4538927818991252
streetwear,-0.46263725535626105
funny,-0.46815768484710957
brisbane,-0.4687121286839532
newzealand,-0.47046295834766144
SFGiants,-0.4732903252060095
SeattleWA,-0.4739039429108251
socialism,-0.4767046652812551
kancolle,-0.4767632839716573
SanJoseSharks,-0.4772553882222486
TheBluePill,-0.47729519734054393
Buttcoin,-0.48066194969580267
TopGear,-0.48123232945576844
TagPro,-0.48275457316918413
rva,-0.484385179535894
sydney,-0.48571581614545567
stlouisblues,-0.49002220844309696
RedLetterMedia,-0.4928864150970407
memes,-0.4930739993464756
fivenightsatfreddys,-0.4944661521959506
NatureIsFuckingLit,-0.49640548069414075
CalgaryFlames,-0.5052450520818138
MovieDetails,-0.5059331500163268
Frozen,-0.5067273878374986
notinteresting,-0.5087708254115523
singapore,-0.5100593479796426
homestuck,-0.513723127327667
CrazyIdeas,-0.5155023153780312
instant_regret,-0.5157761041848293
southafrica,-0.5201999150597004
Tinder,-0.520868169967211
Brawlstars,-0.5214895509483354
snowboarding,-0.5226695020015125
japanlife,-0.5237883905087062
Jokes,-0.5260035689351328
ultrahardcore,-0.5287274451655024
buccos,-0.5327819076293022
POLITIC,-0.5412645411397702
NoMansSkyTheGame,-0.5503135750803273
holdmybeer,-0.5512831416651365
The_Donald,-0.5517359051821706
LosAngeles,-0.5519625757229141
CringeAnarchy,-0.5547664095668617
GamerGhazi,-0.5585972544319701
40kLore,-0.5601620410869553
classicwow,-0.565053926993549
adventuretime,-0.5665125722052208
casualiama,-0.5686820165947042
niceguys,-0.5701306158955205
OldSchoolCool,-0.5705971465131134
Astros,-0.5728831966796955
Incels,-0.5767668324313456
india,-0.5771539224616764
JordanPeterson,-0.5793632783361308
movies,-0.5825366782628127
WritingPrompts,-0.5828329183304488
PurplePillDebate,-0.5859331908320203
freefolk,-0.5867782343252087
weedstocks,-0.5880742826945033
melbourne,-0.5892342673696088
Anxiety,-0.5973678346920619
DoesAnybodyElse,-0.599123707681032
Civcraft,-0.6066592326290929
Whatcouldgowrong,-0.6161565650158334
FinalFantasy,-0.6205157698016895
nononono,-0.6215639390159773
ProgrammerHumor,-0.6336399468377901
RandomActsOfPolish,-0.6336623667153405
stopdrinking,-0.6407918149328861
dubai,-0.6418736283786454
mildlyinteresting,-0.6435338114720323
CHICubs,-0.6436730732450053
PublicFreakout,-0.6442725094347835
weekendgunnit,-0.6487509470666026
KotakuInAction,-0.6535332327851602
hmmm,-0.6557993124574606
unpopularopinion,-0.6627513452733483
TopMindsOfReddit,-0.6683072840761484
mexico,-0.672237218217903
DC_Cinematic,-0.6738003043811694
hillaryclinton,-0.6744017435020124
medicalschool,-0.675612868552844
Dodgers,-0.679768478818697
tf2,-0.6847267577129126
NoStupidQuestions,-0.6848718832624374
hockey,-0.6885137367928517
TumblrInAction,-0.6885284259376383
IdiotsInCars,-0.689080327419712
self,-0.6914174622609538
WTF,-0.6920118967028486
mindcrack,-0.6920736708660771
Ice_Poseidon,-0.6925118598437581
shittyadvice,-0.6947043059898498
GrandTheftAutoV,-0.7022877618606984
BostonBruins,-0.7025306298053271
RandomActsofMakeup,-0.7058488287156833
orioles,-0.7091458337708241
osugame,-0.710304328482558
ImGoingToHellForThis,-0.7128447424222545
exmormon,-0.7145522823406396
ainbow,-0.7201604680813476
iamverysmart,-0.7250806119614238
television,-0.7321288782560895
dirtypenpals,-0.7364697380309045
neopets,-0.7458456675672331
Eve,-0.7475221699582331
RimWorld,-0.7475566602973952
norge,-0.7480221208131737
exmuslim,-0.7497837125823607
rawdenim,-0.7523247112013731
CitiesSkylines,-0.7530259498972072
confessions,-0.7557530893650494
breakingbad,-0.75872671158536
4chan,-0.7592255825646738
civ,-0.7601979375584703
quityourbullshit,-0.76220963431267
asktransgender,-0.7651151327329551
wholesomememes,-0.7655686182523598
opiates,-0.7666234011377888
factorio,-0.7674507954762486
EnoughTrumpSpam,-0.7679284869588654
Atlanta,-0.7679871580253814
conspiracy,-0.7695214152302161
ireland,-0.7698422206978042
paydaytheheist,-0.7726023643428958
weddingplanning,-0.7820269540411152
Flyers,-0.7839576652644034
space,-0.7910718773777062
Seaofthieves,-0.7914844377006257
dragonage,-0.7915977183800356
opieandanthony,-0.7922236519646428
weightroom,-0.8057416186372324
marvelstudios,-0.8061996480874615
nottheonion,-0.8080789212096622
metalgearsolid,-0.8084266497587358
europe,-0.8085811170721012
JoeRogan,-0.8167754893440697
mechmarket,-0.8170910473659848
roosterteeth,-0.8194784097015742
Warframe,-0.8210818760828078
lgbt,-0.8279797042486838
dogecoin,-0.831598879766582
Portland,-0.8332331936723805
StardewValley,-0.8346555606345599
Texans,-0.8349029867359893
Warthunder,-0.8356037208053094
grandorder,-0.8424941609402962
HumansBeingBros,-0.8483850073253273
cringepics,-0.8491800214534339
OutreachHPG,-0.8537915439653851
philadelphia,-0.8588769293865737
TooAfraidToAsk,-0.8589013925103411
KerbalSpaceProgram,-0.8593406331596265
CrusaderKings,-0.8607470487262986
starcitizen,-0.8607997824777718
Scotland,-0.863130665499094
penguins,-0.863271314579105
devils,-0.8656629845654833
offbeat,-0.865712409136843
goodyearwelt,-0.8664469662860736
london,-0.8676514040745292
gameofthrones,-0.8776361096832812
patientgamers,-0.8792989666430805
pics,-0.8833431724494432
EliteDangerous,-0.8880030504232501
ShitAmericansSay,-0.8884193691809033
running,-0.8890225885616702
germany,-0.8896348514951766
japan,-0.8930324159147577
PKA,-0.8968898728477047
Documentaries,-0.9018517693146156
DetroitRedWings,-0.9021040143282111
YouShouldKnow,-0.9036876114945043
gtaonline,-0.908292034858128
whowouldwin,-0.9083404673423965
announcements,-0.9089933944050326
redsox,-0.9097254026051299
Overwatch,-0.9150587527558202
pcgaming,-0.9185968924411434
reddeadredemption,-0.9192595493152709
fitnesscirclejerk,-0.920972063989641
canucks,-0.9212339966545593
geek,-0.9273952048142936
scifi,-0.927647698679114
justneckbeardthings,-0.9412972839809823
Anarcho_Capitalism,-0.9420741284837276
mildlyinfuriating,-0.9428491253197689
NYYankees,-0.9478069164965746
SubredditDrama,-0.9479775661745152
korea,-0.9499222386149937
EarthPorn,-0.9574536180863787
HistoryPorn,-0.9590677303184724
Stellaris,-0.964462229258221
SuicideWatch,-0.9752514850936141
chicagobulls,-0.9841282665834705
AskUK,-0.9914970141056729
bodybuilding,-0.9927660828578057
RocketLeague,-0.9942872650773954
manga,-0.995695479117179
offmychest,-0.9980151817665373
gaming,-0.9988762084894779
shield,-1.0041764283537375
fffffffuuuuuuuuuuuu,-1.0072808054144897
forhonor,-1.0101316536928344
Fantasy,-1.0104194259877302
CrappyDesign,-1.0109286004963802
rpg,-1.0129366935746993
IncelTears,-1.016364969678166
forwardsfromgrandma,-1.0179760332449435
leafs,-1.0251730500310172
Christianity,-1.0288824794855969
watchpeopledie,-1.0345466592876802
assholedesign,-1.0377472016158198
Minecraft,-1.0389359903557738
britishproblems,-1.0390782517336496
baseball,-1.0399000843896122
SSBM,-1.045889651546632
Austin,-1.0475369671850747
aww,-1.0587260513512315
chicago,-1.0602541652685005
zelda,-1.0603335347236669
StarWars,-1.0625537333152164
thatHappened,-1.06519673814924
KingdomHearts,-1.067411233531424
DunderMifflin,-1.067979100927191
NewYorkMets,-1.0685413113141136
Quebec,-1.0695489571673085
trashy,-1.0709575409793513
malefashionadvice,-1.0736171121150506
Silverbugs,-1.07518512476204
DotA2,-1.0806306475873513
DnD,-1.0810857399702076
splatoon,-1.0812095685841119
Paladins,-1.090853597414339
FORTnITE,-1.092080757878741
NHLHUT,-1.0967783307683296
dwarffortress,-1.1026650450093178
dayz,-1.104501051921148
AFL,-1.1080367530158615
assassinscreed,-1.1083254434721108
MurderedByWords,-1.1084350586450005
dataisbeautiful,-1.1114500998619359
totalwar,-1.1120344749095308
facepalm,-1.1153843588130727
RotMG,-1.122184403695463
vexillology,-1.1222538479068365
Bitcoin,-1.123744888837391
AMA,-1.1264194693887548
australia,-1.1300141620116955
WorldOfWarships,-1.1323825329485608
TheRedPill,-1.1372440306231708
insanepeoplefacebook,-1.1388631677475518
JusticeServed,-1.1408187836057528
CryptoCurrency,-1.1470413490464042
Battlefield,-1.149563041361554
Torontobluejays,-1.1601365032536257
Borderlands,-1.1651315742126584
GlobalOffensive,-1.1714984142852354
BokuNoHeroAcademia,-1.1717813888035196
UpliftingNews,-1.1721012036393226
bestof,-1.1721937920331933
TheLastAirbender,-1.1770655458412012
pcmasterrace,-1.1808023413149324
Fallout,-1.1809159634166624
Israel,-1.1830748940701699
witcher,-1.18325691799065
writing,-1.1835656777512809
history,-1.1849179170958395
PoliticalHumor,-1.1854083362161154
army,-1.192152349058829
starcraft,-1.193034316404816
bindingofisaac,-1.197549067629448
IAmA,-1.2000718203792935
ADHD,-1.2005434138649111
LifeProTips,-1.2014790941893363
atheism,-1.2019914733352892
Terraria,-1.2053551688656445
FortNiteBR,-1.2079827300277894
longboarding,-1.2120016656114945
SandersForPresident,-1.215721461215988
warriors,-1.2166539708174544
FlashTV,-1.2206379682535105
formula1,-1.222630688481604
thewalkingdead,-1.2227867869560467
spacex,-1.2231863808905532
MLS,-1.2248928449075187
ChoosingBeggars,-1.2265565293090457
MemeEconomy,-1.2368703193261232
torontoraptors,-1.2398516048368602
ProtectAndServe,-1.243718361457292
nrl,-1.2495797377643312
houston,-1.252654026036375
newsokur,-1.2550776331726412
masseffect,-1.270051593781349
Military,-1.2714156687121856
DeadBedrooms,-1.2741113635142822
ottawa,-1.2764277397876327
Planetside,-1.2766292049715502
smashbros,-1.2861369954766246
sports,-1.2923622876036989
confession,-1.2942262314242017
MorbidReality,-1.3002181061855271
minnesotavikings,-1.3003656209696743
startrek,-1.3063889504415087
ShitRedditSays,-1.307050055853581
SquaredCircle,-1.3083391075635928
wow,-1.3164375176427916
toronto,-1.3190188011145605
Denver,-1.3231587314709483
MMA,-1.326682575292965
doctorwho,-1.3267616317249422
unitedkingdom,-1.3299597958030036
sex,-1.3318654576376003
coys,-1.334033409660466
Marvel,-1.3411950284603142
worldpolitics,-1.3429916566371074
skyrim,-1.3443338047492976
leagueoflegends,-1.3512192182201144
Vive,-1.3514258915839852
eu4,-1.3517033986534543
LiverpoolFC,-1.3569348334740607
AdviceAnimals,-1.3587498747287066
GreenBayPackers,-1.3608263164629466
DarkNetMarkets,-1.3672776517157077
PUBATTLEGROUNDS,-1.367670954881008
Fitness,-1.3731997370318567
clevelandcavs,-1.3798502641738137
fo4,-1.3866534258850527
vancouver,-1.3902472589000252
NASCAR,-1.3905113648949143
ukpolitics,-1.392975455205167
WorldofTanks,-1.3994908948872222
btc,-1.4010731907325373
seduction,-1.4039820842421638
2007scape,-1.4076616978715573
tattoos,-1.4108749579273094
MapPorn,-1.412229497417609
tifu,-1.4141780924298426
Calgary,-1.4180382275023715
Guildwars2,-1.420752871282147
Catholicism,-1.4220436444769173
battlefield_one,-1.430017517585172
bjj,-1.4304227621909753
Cricket,-1.432528586543865
nyc,-1.4359925898008972
oculus,-1.4374795049717384
creepyPMs,-1.4381013588405656
Gunners,-1.4399927841190867
nsfw,-1.4469509374168659
playrust,-1.4517336299839632
summonerswar,-1.4539643250190877
TwoXChromosomes,-1.4551944324727664
explainlikeimfive,-1.462882161414519
Warhammer40k,-1.4659207369616432
pathofexile,-1.466801307996339
ffxiv,-1.4669080089641118
nfl,-1.4691557833306166
podemos,-1.4696879042091655
PokemonPlaza,-1.4699873232985912
Boxing,-1.471169849760246
CFB,-1.4742131791980237
lego,-1.4797652700876118
dndnext,-1.4890545442876224
titanfall,-1.4996291204623111
PercyJacksonRP,-1.501126928349554
Browns,-1.502252275406253
Smite,-1.5035901230095072
Seattle,-1.5064251401446096
AirForce,-1.5112759720061306
changemyview,-1.5157030732733996
teslamotors,-1.5160306550596625
Pathfinder_RPG,-1.5255279457597333
heroesofthestorm,-1.5282267362914652
arrow,-1.5344011160755044
reddevils,-1.5372095071693153
hearthstone,-1.543667459041075
JusticePorn,-1.54372663710529
deadbydaylight,-1.5502494180458966
asoiaf,-1.553029209834716
rugbyunion,-1.5574770099383823
Naruto,-1.5583869929017276
femalefashionadvice,-1.560629459411614
runescape,-1.5622353719279898
Games,-1.5630873927730051
Competitiveoverwatch,-1.5661988955830255
financialindependence,-1.570426350534976
JUSTNOMIL,-1.5727885354527087
politics,-1.574583591081778
cowboys,-1.5767856142929544
xxfitness,-1.5809349672886561
truegaming,-1.583259280942218
darksouls,-1.5856061331360165
MechanicalKeyboards,-1.5874508279670339
soccer,-1.5924453787163304
Seahawks,-1.5974528653777493
fireemblem,-1.603966067350867
cars,-1.604438334788222
tennis,-1.610783105961373
DCcomics,-1.610865282232298
worldnews,-1.6129909092655923
electronic_cigarette,-1.6141068411569273
fakeid,-1.6178927020157339
blackdesertonline,-1.6398886643533799
Justrolledintotheshop,-1.6424716007976212
motorcycles,-1.6527328442502525
CollegeBasketball,-1.6602734539222144
talesfromtechsupport,-1.6669218186728152
ClashRoyale,-1.6776203024552758
comicbooks,-1.6785511996911684
Futurology,-1.6816174674966182
csgobetting,-1.6888396047496568
Advice,-1.6988046168610464
nba,-1.7035650111284393
supremeclothing,-1.7089772255779179
pokemon,-1.71943132008242
AskOuija,-1.7214020926458895
h1z1,-1.7217350854190596
DarkSouls2,-1.7317806544602443
StarWarsBattlefront,-1.7376588235154495
Patriots,-1.7394899321524746
CampHalfBloodRP,-1.741796533903949
cigars,-1.7479251893968928
BigBrother,-1.755904341463147
boston,-1.756694803536317
bicycling,-1.7578355248806612
survivor,-1.772276207942193
FFBraveExvius,-1.7739229789209516
whatisthisthing,-1.7758469045478957
Steam,-1.7855968777532234
NintendoSwitch,-1.785675794246771
philosophy,-1.7905234511057675
Rainbow6,-1.7957213291225889
battlefield_4,-1.7981143061978653
gadgets,-1.798427002198455
FashionReps,-1.8078991216446598
canada,-1.8140828969000016
counting,-1.8163366807270396
harrypotter,-1.817223853057564
halo,-1.8175776119750022
eagles,-1.8259711637676053
DIY,-1.8397296543594481
technology,-1.844751744326321
darksouls3,-1.8475631219506123
OnePiece,-1.8508618749872496
elderscrollsonline,-1.8520015252658812
news,-1.8531600403845137
bravefrontier,-1.8549411597134993
MensRights,-1.8564544098349827
pokemongo,-1.8648805161111983
battlefield3,-1.867789840934119
nosleep,-1.8749895352384527
TrueReddit,-1.8750064318971882
magicTCG,-1.8755565698521013
FireEmblemHeroes,-1.8800595584781916
amiibo,-1.8892374091254147
nintendo,-1.897651271641383
swtor,-1.907790551946332
sysadmin,-1.9127497053220321
raisedbynarcissists,-1.9142553411874674
CoDCompetitive,-1.9209075164651948
relationship_advice,-1.9248100628821565
cats,-1.9252205245514715
PS4,-1.930534784871019
EDH,-1.9356683878716365
travel,-1.9407724417317964
MonsterHunter,-1.945332218514859
RoastMe,-1.9461898661363657
yugioh,-1.9473351538290768
thedivision,-1.94972599504986
CODZombies,-1.951757672778452
GameDeals,-1.9597379295037058
Amd,-1.9753567752946486
Libertarian,-1.9812408142423605
fatlogic,-1.9844558245859327
Diablo,-2.004587180079981
guns,-2.0166199753353666
loseit,-2.04048002097961
childfree,-2.051352451509766
Sneakers,-2.062195892042081
DestinyTheGame,-2.0870096488838743
FIFA,-2.1013167506579715
xboxone,-2.112567157556815
books,-2.1189016919609385
DebateReligion,-2.175068394948776
programming,-2.1894274871521673
Conservative,-2.1968382690999837
DBZDokkanBattle,-2.2002719765785437
science,-2.215126847631084
vegan,-2.215832054984291
AmItheAsshole,-2.2607858572203736
Pokemongiveaway,-2.268183394829913
food,-2.360510643181764
boardgames,-2.402143876192078
pokemontrades,-2.4546002451627618
TheSilphRoad,-2.4554668635591472
Android,-2.4646146758707848
gonewild,-2.517628434612563
apple,-2.5350093653126473
jailbreak,-2.5584737681774037
GlobalOffensiveTrade,-2.6785349623880776
MakeupAddiction,-2.684270859944716
fantasyfootball,-2.706851170856329
RocketLeagueExchange,-3.2552601491394184
buildapc,-3.430787414928467
