genre,age,partisan,gender,affluence,sociality,partisan_neutral
DnB,0.005644199033798801,0.012156098293018223,-0.026208556027707594,0.0603403032680552,-0.024443022419838988,0.3256795262307393
Europe,-0.026211135011533274,0.004518060690626007,0.039561694997556365,0.0834861486372588,0.020082919303647463,0.40773146839682584
J-pop,-0.025808383667230192,0.011700616060324203,0.06208245835909633,0.0543365698196716,0.04538260546526035,0.3793799560219482
K-pop 1,-0.09572558243669876,0.055038823445729156,0.10515431214415831,0.08807573053743613,0.058631469803606215,0.38432563168769307
K-pop 2,-0.13014781048602053,0.0759331403832886,0.14725226622675394,0.0841542243709793,0.06833866724124806,0.37156837947442967
Philippines,0.013595662760671066,0.06280363449964171,0.09101167738192172,0.10357379185485495,0.06908041638059383,0.4033181963432707
RuPaul,-0.004569311153690965,-0.11324296364143784,0.19616242413704002,0.07724127440443386,0.043698563217469406,0.46197928745295624
alternative metal,-0.01540132476624444,0.025432481160855194,-0.003916212326261018,0.09390417660348292,0.02417447110578489,0.3898310211219529
despacito,-0.14081182975068784,0.028133239719304957,0.023127375420988125,-0.0015591720934113624,0.0946743461776301,0.3931005965632291
doom metal,0.01304842622610958,0.020143146484207192,-0.036287726568543954,0.05331285962165123,0.003994412510186765,0.38755839051300867
edm 1,-0.0704990156346751,0.018387328255153598,-0.004995304841991887,0.09533093510834002,0.036504807882824626,0.3531088191974703
edm 2,-0.14151746740678345,0.04120685412881966,-0.02886717080619208,0.0847092206408304,0.07922786387694303,0.32983788982876266
electronica,0.005146950330710408,-0.018623269074155218,-0.029430496771090085,0.09061863380013811,-0.0269525436190699,0.36447716925280815
emo,-0.06219378679203442,-0.01819045721456761,-0.026286847989205966,0.05539344224114995,0.08054590420981002,0.383313123415192
grime,-0.10529939948125717,0.01306329938050892,-0.03127845768562227,-0.0008455986546932671,0.053064878139871006,0.36338139866359387
hardstyle,-0.178812971085906,0.03977490403522126,0.0008756687815680862,-0.0036055315119197942,0.09744674508850747,0.32587207687719694
indie 1,-0.023060894285030713,0.009637754682698967,0.03191567895950498,0.13077941166678045,0.0328353582990157,0.38576409953776797
indie 2,-0.017772534215824656,-0.01017782029327053,0.0094437353798428,0.12540575595383674,0.03399490354593355,0.3829299419618962
indie 3,-0.027744796236654316,-0.021632185943077892,-0.0033461048389858816,0.10091384302998659,0.041878058385386725,0.38756253711301025
indietronica,-0.034482864756472054,0.013790820813516045,0.010505795644733456,0.10172019016188337,0.02126302700025173,0.37463853884973625
internet culture,-0.043574920270299654,0.03999655348962889,0.0429871523500874,0.09588744272008426,0.031110289039347518,0.4057465161376848
internet culture 2,-0.04907033635491529,0.03365449373661983,0.03616595553317432,0.06781396159981584,0.03199190831163225,0.41086606404227344
jazz,-0.0026433702788610652,0.0028683364229377542,-0.008124719366553177,0.11741044105079233,-0.01312344083567545,0.3972305866152764
lo-fi,-0.13686339524063232,0.04444183737335321,-0.06781059987389365,-0.05831923415969291,0.09665053720307372,0.36170770819502246
metalcore 1,-0.08275223836217646,0.04148791971827438,-0.020466587052467296,0.07232451318200703,0.09895930885780055,0.3664550729309082
metalcore 2,-0.14499702494164404,0.07924269977209605,-0.07060450552469205,0.03657159479932696,0.17064032323269787,0.3495443218301343
monstercat,-0.14410632832875317,0.04593223233690495,0.010092964831441372,0.032045102178439776,0.048520569138715615,0.36172069835824905
music makers 1,-0.016326272067313474,-0.003989557560669665,-0.03814486883980476,0.0863282343218663,0.014959113750477622,0.3586833529513119
music makers 2,-0.04762861133938906,0.016100236205548586,-0.01728014125282985,0.025204466119330762,0.05502302295682192,0.35073863284903717
otacore,-0.12774865401406543,0.05015184073727571,0.08753532172083488,0.0017599813019878363,0.07419406903597531,0.3928369381160606
politically engaged,0.002815127694684817,0.036488727525146834,0.023153617375981404,0.07060119328745051,-0.027668620865236977,0.4721271636850372
pop 1,-0.04630764106595464,-0.010495715765469257,0.05815990434864109,0.09579608052790592,0.0544521498666593,0.4003953185496852
pop 2,-0.07437171241792821,-0.032017296882076954,0.08563721696432551,0.07568413428178501,0.06316129589886238,0.4090850996106007
pop 3,-0.09921940297345115,-0.0618067555343858,0.11991113158095273,0.08741066358946369,0.08456258575699378,0.4140530135362798
pop-punk 1,-0.03475720333378001,-0.004026367590324618,0.01380396487861005,0.09060603234209194,0.041812469999507246,0.3896272202655684
pop-punk 2,-0.09258428058406264,-0.022299483086379798,-0.009407902939794937,0.061565923601010424,0.10572324535435984,0.37932502822322856
power metal,-0.027580729565656027,0.05118458614533465,-0.013690074490522331,0.05801229750582741,0.03352666059662312,0.4006180744359664
progressive metal,0.003490304732606066,0.040832495119683516,-0.04598717294098852,0.10751305235913945,0.03197246132211357,0.38011871772419425
progressive metal 2,-0.0944117446932412,0.06925462362200996,-0.07488349979792844,0.028071384506623307,0.10772544695719224,0.3568231578484032
psychedelic rock,0.0013956068239179282,-0.01568798565317452,-0.012443012620701547,0.09872565708616349,0.02060479940453312,0.378736726455538
rap 1,-0.0942002752870472,0.029273281146797094,0.00046135569822014673,0.0692367762667156,0.047638084966188,0.37876610664741334
rap 2,-0.05306827072762791,0.02940048467848257,0.01700789106358947,0.08961525490357686,0.03113771509803168,0.3949433157467233
rap 3,-0.13760992829706883,0.036962567092149144,-0.016837877769817503,0.047381251948467346,0.06374975768747178,0.36477124996597426
rap 4,-0.17501864868105382,0.04943117077796543,-0.0034560876004125687,-0.04062399374845676,0.061860601120427613,0.3719445683829409
rock,-0.021595025392837468,0.017327903370576533,0.0457676286855455,0.10295442621538554,0.02319823757299303,0.4031379948141946
soundtrack,-0.009899303869148059,0.0007238480143819778,0.018070414998487508,0.12563159722178244,0.03095481484390339,0.4007050800641495
spotify,0.0018984217757985074,-0.047264551715230384,-0.05036499284376937,0.21995275412121185,0.03354841132128627,0.3489296602910392
synthwave,0.00973325927162798,-0.01768841951241846,-0.05416578514107878,0.039840204078018866,-0.0035678286324724055,0.37329425875508454
trance,-0.020360224251070803,0.004517073449696577,-0.018267253241842207,0.13521945753624692,0.027913227482478348,0.3326506977349449
video game music,-0.07625049322604802,0.04486129216175244,0.0224269318463435,0.06042627195202157,0.025210663533507333,0.3725558724334268
