,genre,dimension,score
173,lo-fi,affluence,0.0
15,hardstyle,age,0.0
456,RuPaul,partisan,0.0
238,progressive metal 2,gender,0.0
500,DnB,partisan_neutral,0.0
630,politically engaged,sociality,0.0
515,hardstyle,partisan_neutral,0.001314808827269151
612,electronica,sociality,0.00361091754799241
225,metalcore 2,gender,0.015786971488503318
600,DnB,sociality,0.01626552175985077
43,rap 4,age,0.019720125490198574
223,lo-fi,gender,0.026094839654300702
511,edm 2,partisan_neutral,0.028394883456696645
548,trance,partisan_neutral,0.04760180242840085
193,rap 4,affluence,0.06358972931682039
622,jazz,sociality,0.07334606159961395
247,synthwave,gender,0.07643617862270609
246,spotify,gender,0.09045886615155942
237,progressive metal,gender,0.10661044607286903
647,synthwave,sociality,0.12153154434054371
227,music makers 1,gender,0.13554393449184762
209,doom metal,gender,0.14239569689542608
546,spotify,partisan_neutral,0.15876073157926915
609,doom metal,sociality,0.1596651806072194
214,grime,gender,0.1608769520650244
525,metalcore 2,partisan_neutral,0.1629578736416454
212,electronica,gender,0.16769484066376814
211,edm 2,gender,0.1697731820633354
528,music makers 2,partisan_neutral,0.17111308214936607
25,metalcore 2,age,0.17575066912655352
213,emo,gender,0.1792930552255129
200,DnB,gender,0.17958190650341355
26,monstercat,age,0.18037986166892714
510,edm 1,partisan_neutral,0.1872976132871441
11,edm 2,age,0.19383487597994828
165,hardstyle,affluence,0.19661951239066777
8,despacito,age,0.19750226679286922
224,metalcore 1,gender,0.20076639395808546
158,despacito,affluence,0.20397332270822915
164,grime,affluence,0.2065376247895359
248,trance,gender,0.2088806418268443
228,music makers 2,gender,0.2125225043373803
538,progressive metal 2,partisan_neutral,0.2126605260353408
42,rap 3,age,0.21414341947717208
242,rap 3,gender,0.21415419640118888
627,music makers 1,sociality,0.21495618772828975
179,otacore,affluence,0.21590105361605105
23,lo-fi,age,0.21802335480809795
527,music makers 1,partisan_neutral,0.22536264356515895
236,power metal,gender,0.2257677386142436
239,psychedelic rock,gender,0.23036866325356775
601,Europe,sociality,0.24079367870216864
235,pop-punk 2,gender,0.2415664323874612
639,psychedelic rock,sociality,0.243425330558617
523,lo-fi,partisan_neutral,0.2460140879741164
526,monstercat,partisan_neutral,0.24610278973436597
222,jazz,gender,0.24630062486161042
619,indietronica,sociality,0.24674453332434576
4,K-pop 2,age,0.25292607523366195
644,rock,sociality,0.2565030975764231
514,grime,partisan_neutral,0.2574426811400097
210,edm 1,gender,0.2578463233880053
607,alternative metal,sociality,0.26142588881628637
207,alternative metal,gender,0.2618275399289696
243,rap 4,gender,0.26352512947087636
218,indie 3,gender,0.2639309011564638
512,electronica,partisan_neutral,0.2649250182282829
29,otacore,age,0.265395143923522
649,video game music,sociality,0.26665103099247955
542,rap 3,partisan_neutral,0.26693311285021143
483,pop 3,partisan,0.26722098256506044
240,rap 1,gender,0.2779781905675362
524,metalcore 1,partisan_neutral,0.27843089454340797
215,hardstyle,gender,0.2795067621001129
648,trance,sociality,0.28027907969832283
645,soundtrack,sociality,0.2956167003752952
620,internet culture,sociality,0.2964007002909387
641,rap 2,sociality,0.2965389999466043
178,music makers 2,affluence,0.30015130446658445
637,progressive metal,sociality,0.3007483220620489
621,internet culture 2,sociality,0.3008463861690771
616,indie 1,sociality,0.3050995982025541
636,power metal,sociality,0.3085855846806325
646,spotify,sociality,0.3086952656875185
188,progressive metal 2,affluence,0.3104538807517638
617,indie 2,sociality,0.31094676385709563
217,indie 2,gender,0.31111788715923916
504,K-pop 2,partisan_neutral,0.3133464905366667
226,monstercat,gender,0.31351316188675854
219,indietronica,gender,0.31503626471486507
543,rap 4,partisan_neutral,0.31591525105100826
549,video game music,partisan_neutral,0.3200894669080357
610,edm 1,sociality,0.32360330009305865
176,monstercat,affluence,0.32473385803717114
547,synthwave,partisan_neutral,0.3251314487009353
234,pop-punk 1,gender,0.3272045688383682
519,indietronica,partisan_neutral,0.3343107029246247
241,rap 2,gender,0.3390251715556705
175,metalcore 2,affluence,0.34100029092123807
496,spotify,partisan,0.34277052511937073
245,soundtrack,gender,0.34294525978084145
634,pop-punk 1,sociality,0.35036791295924097
618,indie 3,sociality,0.3506986513743832
197,synthwave,affluence,0.35274638616741993
249,video game music,gender,0.3590182439623016
606,RuPaul,sociality,0.35987879622545776
208,despacito,gender,0.3616024686740249
230,politically engaged,gender,0.3616992860495172
539,psychedelic rock,partisan_neutral,0.3622946818883052
540,rap 1,partisan_neutral,0.36249530097910126
535,pop-punk 2,partisan_neutral,0.3663118294361728
502,J-pop,partisan_neutral,0.3666868972738958
602,J-pop,sociality,0.3683708098128997
537,progressive metal,partisan_neutral,0.37173144230779315
640,rap 1,sociality,0.37974437398161315
192,rap 3,affluence,0.3798459441108378
14,grime,age,0.38207002531532513
626,monstercat,sociality,0.38419442123763503
517,indie 2,partisan_neutral,0.39092754739060315
513,emo,partisan_neutral,0.39354405565223616
216,indie 1,gender,0.39402613847481266
503,K-pop 1,partisan_neutral,0.4004578460697635
159,doom metal,affluence,0.40116180744953706
152,J-pop,affluence,0.4048406189761466
614,grime,sociality,0.4071097215122973
163,emo,affluence,0.40863860248144823
221,internet culture 2,gender,0.40970715854685436
516,indie 1,partisan_neutral,0.41028025000252616
33,pop 3,age,0.4136694207595758
631,pop 1,sociality,0.41410522911836467
628,music makers 2,sociality,0.41698393483060275
186,power metal,affluence,0.41804973753983515
482,pop 2,partisan,0.4219829431392853
201,Europe,gender,0.42223543941927505
509,doom metal,partisan_neutral,0.422532349158449
518,indie 3,partisan_neutral,0.4225606637156086
150,DnB,affluence,0.42641567396271995
199,video game music,affluence,0.42672461157623054
185,pop-punk 2,affluence,0.43082007104388786
3,K-pop 1,age,0.4318277563129496
220,internet culture,gender,0.4348733618156026
603,K-pop 1,sociality,0.4351800220681116
534,pop-punk 1,partisan_neutral,0.4366591031882322
507,alternative metal,partisan_neutral,0.4380507327148478
38,progressive metal 2,age,0.4386561283937222
40,rap 1,age,0.43975519241162186
244,rock,gender,0.4451316837084093
35,pop-punk 2,age,0.44815395638950617
643,rap 4,sociality,0.4514633588157809
171,internet culture 2,affluence,0.45327306042813836
632,pop 2,sociality,0.45802229030700203
190,rap 1,affluence,0.4583860963312113
529,otacore,partisan_neutral,0.45857627376391896
508,despacito,partisan_neutral,0.4603766336178005
642,rap 3,sociality,0.46098968943912993
180,politically engaged,affluence,0.4632892740788673
174,metalcore 1,affluence,0.4694822074934116
485,pop-punk 2,partisan,0.47246885270450584
541,rap 2,partisan_neutral,0.47295941894316484
468,indie 3,partisan,0.47593558955891924
182,pop 2,affluence,0.48155536340296934
604,K-pop 2,sociality,0.48412989410639923
156,RuPaul,affluence,0.4871511121244575
605,Philippines,sociality,0.4878702656903428
522,jazz,partisan_neutral,0.4885777717436111
231,pop 1,gender,0.49085189039216237
462,electronica,partisan,0.49156749073827277
463,emo,partisan,0.4938160314966448
497,synthwave,partisan,0.4964242138061531
24,metalcore 1,age,0.4992537538639067
202,J-pop,gender,0.505323807008759
489,psychedelic rock,partisan,0.5068168520097903
151,Europe,affluence,0.50959273217901
531,pop 1,partisan_neutral,0.5101877614260765
536,power metal,partisan_neutral,0.5117088230843825
154,K-pop 2,affluence,0.5119935334161295
545,soundtrack,partisan_neutral,0.5123029305052703
629,otacore,sociality,0.5136565592871465
161,edm 2,affluence,0.5139879715673776
177,music makers 1,affluence,0.519806069504715
183,pop 3,affluence,0.523695894255975
153,K-pop 1,affluence,0.5260858831013526
544,rock,partisan_neutral,0.52891579495523
505,Philippines,partisan_neutral,0.5301462793263578
191,rap 2,affluence,0.5316183277273876
49,video game music,age,0.5330450916336703
481,pop 1,partisan,0.5337916915673226
184,pop-punk 1,affluence,0.5351787918784358
162,electronica,affluence,0.5352240765588092
467,indie 2,partisan,0.5354432196165352
611,edm 2,sociality,0.5390401589218748
32,pop 2,age,0.5428096264705939
613,emo,sociality,0.545686557746005
520,internet culture,partisan_neutral,0.5467277676769084
157,alternative metal,affluence,0.5470310242276784
160,edm 1,affluence,0.5521582327321033
181,pop 1,affluence,0.5538297822920839
170,internet culture,affluence,0.5541581020512619
501,Europe,partisan_neutral,0.560281774376132
10,edm 1,age,0.5629370849210351
189,psychedelic rock,affluence,0.5643575273818998
633,pop 3,sociality,0.5659412243494444
484,pop-punk 1,partisan,0.5674011981685805
477,music makers 1,partisan,0.5675924333442406
532,pop 2,partisan_neutral,0.5695248815870441
168,indie 3,affluence,0.5722210064095272
169,indietronica,affluence,0.5751187006290504
194,rock,affluence,0.5795540592187776
521,internet culture 2,partisan_neutral,0.5816859820501945
155,Philippines,affluence,0.5817798155491063
495,soundtrack,partisan,0.5920794808025514
232,pop 2,gender,0.5922270087365984
187,progressive metal,affluence,0.5959359673365007
229,otacore,gender,0.5992298986120601
472,jazz,partisan,0.6032205100642922
533,pop 3,partisan_neutral,0.603447681654266
13,emo,age,0.6061016180119104
498,trance,partisan,0.6117860156584242
451,Europe,partisan,0.6117911445647122
205,Philippines,gender,0.6120556058229197
608,despacito,sociality,0.6169311606159731
623,lo-fi,sociality,0.6268963744112102
615,hardstyle,sociality,0.6309113616779496
172,jazz,affluence,0.631503286752287
466,indie 1,partisan,0.6383889384018244
624,metalcore 1,sociality,0.6385386715613913
452,J-pop,partisan,0.6491058995564503
450,DnB,partisan,0.6514722172583326
41,rap 2,age,0.6535294068900489
464,grime,partisan,0.6561853011909353
469,indietronica,partisan,0.6599649148001013
167,indie 2,affluence,0.6602353016145714
195,soundtrack,affluence,0.6610468862420464
203,K-pop 1,gender,0.6642336078268525
478,music makers 2,partisan,0.6719627714252517
635,pop-punk 2,sociality,0.6726467473586126
21,internet culture 2,age,0.6743077591541188
494,rock,partisan,0.6783407381956414
166,indie 1,affluence,0.679546105214103
28,music makers 2,age,0.6818007961696814
638,progressive metal 2,sociality,0.6827431230512976
460,edm 1,partisan,0.6838446539979368
31,pop 1,age,0.6886662379485973
459,doom metal,partisan,0.6929664670094411
198,trance,affluence,0.6955018824983924
20,internet culture,age,0.7028689311491216
233,pop 3,gender,0.718677589948255
457,alternative metal,partisan,0.7204455767927211
458,despacito,partisan,0.7344765363486415
490,rap 1,partisan,0.7403992705786858
491,rap 2,partisan,0.7410601173629587
34,pop-punk 1,age,0.7486970042466664
19,indietronica,age,0.7501228164455447
471,internet culture 2,partisan,0.7631605116608862
480,politically engaged,partisan,0.7778849006790853
492,rap 3,partisan,0.7803465882593407
18,indie 3,age,0.7851423911138548
36,power metal,age,0.7859950902246915
1,Europe,age,0.7931132456148225
465,hardstyle,partisan,0.794957218958782
2,J-pop,age,0.7952064538885438
470,internet culture,partisan,0.7961087304556744
487,progressive metal,partisan,0.8004516078171884
461,edm 2,partisan,0.8023964747880435
474,metalcore 1,partisan,0.8038566645209843
16,indie 1,age,0.8094859034499927
44,rock,age,0.8171044227590696
473,lo-fi,partisan,0.8192028342184784
204,K-pop 2,gender,0.8195502916988303
499,video game music,partisan,0.8213819824259897
48,trance,age,0.823522020125055
476,monstercat,partisan,0.8269457223750357
17,indie 2,age,0.8369709490193247
27,music makers 1,age,0.8444875667489864
493,rap 4,partisan,0.8451233797600608
479,otacore,partisan,0.8488673986471298
7,alternative metal,age,0.8492947694330747
486,power metal,partisan,0.8542327094434992
453,K-pop 1,partisan,0.8742562126594977
45,soundtrack,age,0.877890268434869
6,RuPaul,age,0.9055916901897114
455,Philippines,partisan,0.9145958977883102
22,jazz,age,0.915601328719579
506,RuPaul,partisan_neutral,0.9307064531153818
39,psychedelic rock,age,0.9365929912143068
46,spotify,age,0.9392062572711799
30,politically engaged,age,0.9439706272506334
37,progressive metal,age,0.9474797059464451
488,progressive metal 2,partisan,0.948110025583423
12,electronica,age,0.9560897436822015
0,DnB,age,0.9586740804302337
47,synthwave,age,0.9799260385990637
454,K-pop 2,partisan,0.9828062031731827
9,doom metal,age,0.9971558628964756
475,metalcore 2,partisan,1.0
530,politically engaged,partisan_neutral,1.0
206,RuPaul,gender,1.0
196,spotify,affluence,1.0
5,Philippines,age,1.0
625,metalcore 2,sociality,1.0
