,genre,mean_release_time
0,K-pop 1,2017-01-12 11:03:47.044891392
1,internet culture,1998-06-03 07:42:10.623807488
2,metalcore 1,2013-01-23 03:53:41.671018240
3,rap 2,2008-09-09 02:09:22.686965504
4,indie 1,2007-01-02 11:31:55.778800128
5,rap 1,2013-05-03 07:06:50.996563456
6,politically engaged,2002-10-25 11:09:10.808313984
7,rock,1999-02-28 16:39:43.708932864
8,internet culture 2,2003-01-24 16:00:38.328722048
9,despacito,2017-04-17 03:28:22.287470080
10,pop-punk 1,2007-06-25 14:27:02.713922048
11,video game music,2013-06-09 02:36:17.465021952
12,indietronica,2012-04-10 22:17:41.998416640
13,alternative metal,2009-11-16 11:38:50.201898752
14,pop 1,2014-12-22 18:21:07.740127744
15,jazz,1995-04-20 04:57:34.583772416
16,edm 1,2015-08-17 07:37:33.498303232
17,monstercat,2017-04-28 17:15:06.147229952
18,otacore,2015-04-01 02:50:23.376623360
19,psychedelic rock,2010-03-27 07:33:55.176421376
20,indie 2,2012-04-23 22:48:25.369715456
21,rap 3,2016-04-22 08:42:26.566087168
22,DnB,2015-11-05 12:12:59.381443328
23,soundtrack,2011-11-26 14:00:52.321714432
24,edm 2,2017-07-12 05:18:23.017902848
25,indie 3,2015-12-28 17:12:20.787864064
26,pop-punk 2,2016-04-12 04:04:48.618468096
27,pop 2,2016-12-26 03:19:56.664560896
28,emo,2015-04-26 14:45:07.850179584
29,trance,2016-06-11 14:14:04.329896960
30,Europe,2011-03-07 16:25:30.499075840
31,electronica,2012-10-29 04:51:28.192771072
32,hardstyle,2017-04-26 05:56:56.124186112
33,metalcore 2,2016-11-07 13:02:27.128815360
34,progressive metal,2014-12-22 22:08:32.928759808
35,J-pop,2015-11-07 07:23:09.295774464
36,rap 4,2017-12-02 10:06:18.947368448
37,music makers 1,2018-03-19 03:16:02.970447104
38,K-pop 2,2017-04-16 02:46:40.561685248
39,doom metal,2010-06-30 17:10:18.352941056
40,progressive metal 2,2016-08-17 19:24:18.301784576
41,power metal,2011-03-13 03:18:25.941845760
42,grime,2016-09-18 17:49:17.309185024
43,pop 3,2017-08-20 04:31:15.149105408
44,spotify,2017-10-09 08:27:21.780066304
45,synthwave,2013-10-03 01:16:09.230769152
46,RuPaul,2015-10-29 18:44:00.230991360
47,Philippines,2010-02-06 04:23:13.548387072
48,lo-fi,2018-08-07 15:03:53.290978304
49,music makers 2,2018-04-01 12:04:49.932886016
