short,DnB,Europe,J-pop,K-pop 1,K-pop 2,Philippines,RuPaul,alt. metal,culture,culture 2,despacito,doom metal,edm 1,edm 2,electronica,emo,grime,hardstyle,indie 1,indie 2,indie 3,indietronica,jazz,lo-fi,makers 1,makers 2,metalcore 1,metalcore 2,monstercat,otacore,political,pop 1,pop 2,pop 3,pop-punk 1,pop-punk 2,power metal,prog. metal,prog. metal 2,psychedelic,rap 1,rap 2,rap 3,rap 4,rock,soundtrack,spotify,synthwave,trance,video games
DnB,1.0000000000000002,0.7252033688719637,0.6771981730033745,0.5607902781632161,0.45341811017048905,0.49819231224394867,0.49510619994890015,0.6896385840005846,0.6849142643910442,0.6976474089702777,0.5432226425091691,0.5887681755256883,0.8773433534118495,0.8420471725817069,0.8684271719816605,0.5764065642551078,0.736956966710281,0.7364340440981662,0.7006557085353375,0.6903720772151472,0.6513980284907916,0.8159461266038697,0.6964028790496274,0.5525687065443898,0.7473147622262999,0.5885219359364825,0.6378788029204934,0.5232323358352451,0.8273123289339682,0.5806325979706708,0.6537487065065768,0.6959786512282741,0.6405845109049608,0.54700540703488,0.6694262853821706,0.5223432501567535,0.5338564308465763,0.6187529923504229,0.5699707473167227,0.7194580828287979,0.7003584917434583,0.7170417677709249,0.6340279801856452,0.6610053487904219,0.701481006372902,0.6437070525646873,0.6624934236175157,0.7903386164272994,0.8842859112243283,0.6879514766645625
Europe,0.7252033688719637,1.0,0.826914771715242,0.7541299373988539,0.6056620726211477,0.7229920127018874,0.7651247071965563,0.8714552831774631,0.9407850475360967,0.9465320565052697,0.7930333210460058,0.712481685419917,0.8535306052791245,0.7235033527859518,0.8456156499461074,0.7480902705272987,0.738920854493902,0.6401472254218241,0.9133977399665281,0.8852281303673736,0.8478156884378572,0.9288223869918197,0.88578394062452,0.6518338765464586,0.8155124821000774,0.6789906337130234,0.7509962863833268,0.5693046366348143,0.8115862552540841,0.7589110957049642,0.9094466331501285,0.9240208000998407,0.8581283100994384,0.7509523504470668,0.8752215831701113,0.6754716406004706,0.7147057705456861,0.7239659566430434,0.6219220268194592,0.8705828162377227,0.8609863613162027,0.9264974467211327,0.7545174342376059,0.7390191255897733,0.9472353155037088,0.9076948016931179,0.7583175809823915,0.8631588439594642,0.7527305409697712,0.8760872803837266
J-pop,0.6771981730033745,0.826914771715242,1.0,0.8372430679163407,0.7519267767212923,0.722328062244123,0.694198065345739,0.8154258495735109,0.8063007679996061,0.8413221675914898,0.665672217586791,0.6927812328990137,0.7709625111411864,0.6557509393112281,0.7780271729003303,0.7374006150283686,0.6471652434829597,0.5557663580074103,0.8139654937012,0.8007132063570794,0.7690286744592963,0.8352910644019761,0.8123772539766374,0.6542441036531192,0.7772136680455266,0.6784835260814677,0.7432862718920796,0.5874759535829176,0.740330298967997,0.862739617953245,0.7731114795865682,0.8379478349319833,0.7914379228915254,0.706570931231839,0.8128967627652016,0.6834317062591774,0.7088567140966082,0.7301670170996091,0.6338492603541652,0.8060455260618555,0.7635252151529204,0.8098826998117141,0.667243052337844,0.6727608978217009,0.8367621022587401,0.786635576353748,0.6811987597250071,0.8097484334649296,0.6914034497355332,0.8258192871360401
K-pop 1,0.5607902781632161,0.7541299373988539,0.8372430679163407,0.9999999999999998,0.9739060520675351,0.7151404593780047,0.7067630243435283,0.6832207243347251,0.7578797092562829,0.790719331354814,0.6542519279208268,0.550520908705435,0.7156216709340391,0.6491257425400339,0.6364101949615222,0.5991464819714722,0.588415401817685,0.5730389872570943,0.6999373733290155,0.6629888992594406,0.6302899304265386,0.7315003129168303,0.6636401974434873,0.5689127591017005,0.6255456532848442,0.5217921582358925,0.6609514973709845,0.543431501922147,0.7122304926043437,0.7575517540319883,0.7226338977939704,0.7868616640477188,0.789686837959348,0.7362559684023073,0.6915889083576775,0.5946207168722044,0.6071340307619686,0.5785811620957964,0.5493817119601867,0.6367694698140494,0.7071040999937142,0.7455388459618713,0.6237406008567044,0.6247458834326205,0.7517956435617221,0.7291277656519006,0.5798072034174543,0.6627626534131918,0.6414313536681975,0.745031008642419
K-pop 2,0.45341811017048905,0.6056620726211477,0.7519267767212923,0.9739060520675351,1.0,0.627440737146671,0.606417890536769,0.5440228561052074,0.5964665563325375,0.6415799231777165,0.5273266626545532,0.4459851380377845,0.5850421496999386,0.5452030293999445,0.5047701016401505,0.47204664634771243,0.47450008827824736,0.49630779060461694,0.5391863842935217,0.5109265759448034,0.4890630086130251,0.5783356797245899,0.5131562783789635,0.4734671273907538,0.49184608209671343,0.4042213505426144,0.5467488098586948,0.46939815029203347,0.5921614225266278,0.6644467048091622,0.5765818814249788,0.6486866302661396,0.6772852750845554,0.6483598759013709,0.540142392844964,0.4812393225587469,0.5131075224859939,0.46895572543313274,0.46026556070118196,0.4916480714799427,0.5686532651719813,0.5904323308582223,0.5032491053394599,0.5144981050755042,0.5924076035150737,0.57954566654742,0.4711269890642477,0.5324211239790765,0.5342693713262774,0.6070549611421265
Philippines,0.49819231224394867,0.7229920127018874,0.722328062244123,0.7151404593780047,0.627440737146671,0.9999999999999993,0.6056564436451599,0.6151363064249209,0.711501675332626,0.7294849661869705,0.6081493307069672,0.47624398479135416,0.6530281620371904,0.5879477400229158,0.602472989952045,0.5563000037491918,0.5068046782149276,0.45219719664555835,0.6684727281062339,0.6419652849484214,0.6172595179905398,0.6890079455224039,0.6491384139150199,0.5374409894825005,0.6079199652770397,0.5222051940821533,0.5433831692227301,0.39868175823341134,0.654807884044571,0.6891969520308209,0.6725644488670768,0.7156991839041946,0.6927443194620166,0.6232744535098145,0.6376185922097314,0.5289646980952147,0.5254205547520497,0.477526445530188,0.41377102296676305,0.6201470199627456,0.6405249542309683,0.686678669259329,0.5523614856593443,0.5336129204492528,0.7067927632258182,0.7080728414903159,0.5510883373557718,0.6316718674657488,0.5817247238900684,0.6801717133991938
RuPaul,0.49510619994890015,0.7651247071965563,0.694198065345739,0.7067630243435283,0.606417890536769,0.6056564436451599,1.0,0.661913227359707,0.7537800395398717,0.7794510945151751,0.6401644940555387,0.5318061757258856,0.6666317647913145,0.5605563778636132,0.636069450606004,0.6231031485888654,0.5572316515700917,0.4603400143988564,0.7197733145409535,0.7029991453369431,0.6837450794320277,0.7198144101093032,0.673436619150442,0.47664904138812014,0.6065600827966349,0.5051691453085472,0.6001597973011044,0.4476212638345095,0.6170136616363286,0.6276644718034803,0.7481625796745245,0.8143939657424679,0.8228450609531625,0.7737438679539717,0.7174245153133905,0.5959479674363499,0.5660785171167922,0.5117945892697378,0.46133193542770745,0.6681425961725092,0.6793306247511683,0.7367045848592971,0.5827648971528379,0.5743543903073693,0.7730453370992947,0.7464188114891601,0.5651645584363639,0.6451614419785756,0.569661839380851,0.7059868746209985
alt. metal,0.6896385840005846,0.8714552831774631,0.8154258495735109,0.6832207243347251,0.5440228561052074,0.6151363064249209,0.661913227359707,1.0000000000000002,0.8698811186553712,0.8740065748977524,0.6888109167548697,0.9387758314502777,0.7917367589934656,0.6453011134374187,0.8100855449365776,0.8013585607185459,0.6540750559763228,0.5810600290400485,0.9100212810143188,0.8815814838424951,0.829606793081439,0.8921524647228609,0.8926187146527944,0.6107020236394087,0.8307295105370198,0.7207154799395976,0.8778234922573951,0.7391410073554096,0.7249594800110353,0.7006423558207355,0.8293514785970081,0.8560041466003458,0.7656195457107788,0.6586068609360184,0.9084803408863891,0.7430665216892969,0.8990995639306454,0.932901501706899,0.8282157362178528,0.8949133099084519,0.8046291233859479,0.8725621655728597,0.699018692642881,0.6680028129806976,0.9130271586497005,0.8422688970619119,0.7202081687729429,0.8444090956884172,0.7030284859750515,0.8430013868953942
culture,0.6849142643910442,0.9407850475360967,0.8063007679996061,0.7578797092562829,0.5964665563325375,0.711501675332626,0.7537800395398717,0.8698811186553712,0.9999999999999998,0.9776932781748562,0.8357501357811625,0.67831747362268,0.8488489595225392,0.7279072814560892,0.7883613730326227,0.7379665664829129,0.6927615427655014,0.6233741234227599,0.9327315909923903,0.867148600723988,0.8005276121805158,0.9324521821471361,0.8753675724389478,0.6332060102535375,0.7785425727607627,0.6551815435974803,0.7735480708492257,0.5831945284774339,0.8226611658013461,0.788336026742638,0.9264915436468514,0.9079647675581703,0.8198303040056817,0.6971292900084389,0.8932346314183846,0.7031477036468041,0.6995460755142329,0.7102325326655436,0.6329421519826209,0.8302349793176772,0.8525077866097546,0.9457953457326742,0.7333502015933726,0.7058836039479381,0.9735319308746471,0.9311317037440578,0.6961401557673819,0.8327972439972294,0.7421172444857917,0.9257189656868243
culture 2,0.6976474089702777,0.9465320565052697,0.8413221675914898,0.790719331354814,0.6415799231777165,0.7294849661869705,0.7794510945151751,0.8740065748977524,0.9776932781748562,0.9999999999999998,0.8507987965240321,0.7012509599429616,0.8603407040526765,0.7495494334897386,0.8033583892877714,0.765721499837132,0.7223867959762191,0.6408525281199766,0.9106829867765662,0.866643904453033,0.824816668690395,0.9257338626461522,0.8759382800486842,0.6504817730831326,0.7846083194066964,0.6689814548251422,0.7916584647679756,0.6132915104260342,0.8470509532399013,0.8357585020544194,0.9544839890161336,0.928592656781566,0.8628414552950698,0.7491405522040071,0.8963281691115151,0.7278927917222725,0.7270414380448269,0.7313244314188412,0.6592608791186413,0.8374125934456034,0.8785697641490722,0.9504906155238221,0.770346324332895,0.7537358199222238,0.96522733768461,0.9334648114625299,0.6975228117670803,0.8452868479302597,0.7522080321183975,0.9339077272395356
despacito,0.5432226425091691,0.7930333210460058,0.665672217586791,0.6542519279208268,0.5273266626545532,0.6081493307069672,0.6401644940555387,0.6888109167548697,0.8357501357811625,0.8507987965240321,1.0000000000000004,0.5452000488202895,0.6780789512236947,0.6150730586043025,0.5934366316023284,0.5843723323184042,0.6099021957097348,0.5594827506220424,0.7024192859282492,0.655968993755173,0.6278159502288376,0.726169880357032,0.6795078575475388,0.6330886512084546,0.6056588858438618,0.54263840497657,0.6381175352029491,0.5146607675098163,0.725703522432524,0.7429179047936203,0.7942451738100067,0.7417680641059257,0.701089231928339,0.5943418202207055,0.6944333402866456,0.5599759796081076,0.5766452655214556,0.5648594695785676,0.5571745410452416,0.6246652540868987,0.6992183068069564,0.766015085651248,0.6020645611151991,0.6395877950001537,0.7735079494971806,0.7661537871793712,0.5725575800857485,0.698074006379998,0.5697135920309196,0.7887530401762187
doom metal,0.5887681755256883,0.712481685419917,0.6927812328990137,0.550520908705435,0.4459851380377845,0.47624398479135416,0.5318061757258856,0.9387758314502777,0.67831747362268,0.7012509599429616,0.5452000488202895,1.0,0.6213276425402793,0.48518673105642696,0.6708364344497288,0.6832888904567029,0.5415602206549568,0.4984087300326307,0.7320601299320346,0.7180939052597848,0.6812333494702002,0.7160990853370395,0.7404443492985014,0.47760562552745955,0.6885442502941401,0.6012183547577735,0.8009622549308205,0.7210000457150096,0.5507220893188656,0.565638489625449,0.6740922408488403,0.6796645692794994,0.6062986721943076,0.5165622141942766,0.7593902475232668,0.6260807957160688,0.9258919359354307,0.9115204901116223,0.8324141274516867,0.7626461430568738,0.6506101739952578,0.6980686931022866,0.5699287672738087,0.5573098651488624,0.7360525701307717,0.6595084096672215,0.5818476768543455,0.7232471460740857,0.562401702601498,0.6781278769525896
edm 1,0.8773433534118495,0.8535306052791245,0.7709625111411864,0.7156216709340391,0.5850421496999386,0.6530281620371904,0.6666317647913145,0.7917367589934656,0.8488489595225392,0.8603407040526765,0.6780789512236947,0.6213276425402793,1.0000000000000007,0.9556273394378862,0.9339958387438949,0.7468794067819473,0.7801382625076241,0.7702176186927422,0.8750686503257643,0.8629079405853001,0.8253580175829629,0.9525653428204117,0.8436395059439682,0.6739650795845229,0.8698842692745806,0.7210487717036931,0.7577327516923273,0.5967315670421321,0.9228428430779566,0.6821381850014114,0.8121932820998229,0.8936437809607654,0.8442409615955504,0.7578375607942691,0.8457331763285558,0.6988304293631475,0.5843109337998613,0.6796133078410069,0.6283037133303628,0.851470892814762,0.8779729183393712,0.8973858723490706,0.8020172279242868,0.7779132877859917,0.8743809766852217,0.8253231638550362,0.7904478941704098,0.8484868601112682,0.9364431677734861,0.808234038360834
edm 2,0.8420471725817069,0.7235033527859518,0.6557509393112281,0.6491257425400339,0.5452030293999445,0.5879477400229158,0.5605563778636132,0.6453011134374187,0.7279072814560892,0.7495494334897386,0.6150730586043025,0.48518673105642696,0.9556273394378862,1.0000000000000004,0.823503184899526,0.6184011365282636,0.6937717217724555,0.8017994333560551,0.7230938569822227,0.706827016881022,0.676808640243354,0.8319444915552918,0.6877556591112466,0.5858683234530712,0.7412428942933684,0.6108924895715906,0.6604169232437826,0.5441858052068267,0.9277026423599459,0.6150560023567262,0.6920713697384475,0.7676025615489864,0.7429838858377681,0.671500010228641,0.7028753617324994,0.6024742694755119,0.47100207233950364,0.5522152039910508,0.5514248115558336,0.6903138677248448,0.760223251058451,0.7664591414307576,0.6985484811795832,0.6930361278789561,0.7319579412490822,0.6950394809767527,0.6943892237254321,0.7216049572336973,0.9239976326451478,0.7029121401722481
electronica,0.8684271719816605,0.8456156499461074,0.7780271729003303,0.6364101949615222,0.5047701016401505,0.602472989952045,0.636069450606004,0.8100855449365776,0.7883613730326227,0.8033583892877714,0.5934366316023284,0.6708364344497288,0.9339958387438949,0.823503184899526,0.9999999999999996,0.7858147431407385,0.7710998414320285,0.650432815959244,0.8819872986115306,0.9112919808143116,0.8951682590043832,0.9458639804080391,0.8898547986247505,0.6977229459918082,0.9274391669183194,0.7717582212290628,0.7167592253311801,0.5345692865258445,0.8238927059986381,0.6197375839777433,0.7854927997135475,0.8758359828212732,0.8154410628205466,0.727090542035342,0.8488160607922958,0.6694718140835378,0.5889011025354196,0.7211446000286765,0.5951814068213142,0.9313650396426374,0.8550167386972978,0.8663552740107404,0.7800011727560436,0.7649297299293583,0.8544738563732769,0.796236910258104,0.795131088428306,0.8974279085429764,0.8703154961615891,0.7615957296092579
emo,0.5764065642551078,0.7480902705272987,0.7374006150283686,0.5991464819714722,0.47204664634771243,0.5563000037491918,0.6231031485888654,0.8013585607185459,0.7379665664829129,0.765721499837132,0.5843723323184042,0.6832888904567029,0.7468794067819473,0.6184011365282636,0.7858147431407385,0.9999999999999993,0.6617086397056138,0.44407264867574525,0.8514181802389449,0.8897327700110106,0.9034735309902426,0.8212568128176052,0.8198469332209064,0.6450549423609115,0.8305648957124357,0.722829442172006,0.8604135388967292,0.7133037629804035,0.6690278733191529,0.5911853168530206,0.7429410475390881,0.8451151009097777,0.7928657400270915,0.7281163726209661,0.9406051114405398,0.9422446575510677,0.5951350517443432,0.7158640272226597,0.7120428993396184,0.8797747583186689,0.8070006071995537,0.8189560646615166,0.7401872900024524,0.7200889959073105,0.8152114320862854,0.7561142650974291,0.7274265314222739,0.7311155744384799,0.6076784125259584,0.69697436291984
grime,0.736956966710281,0.738920854493902,0.6471652434829597,0.588415401817685,0.47450008827824736,0.5068046782149276,0.5572316515700917,0.6540750559763228,0.6927615427655014,0.7223867959762191,0.6099021957097348,0.5415602206549568,0.7801382625076241,0.6937717217724555,0.7710998414320285,0.6617086397056138,1.0000000000000004,0.5715519014930318,0.7143687999931472,0.7208603650910435,0.7120172586456384,0.774320048576876,0.7140119078157705,0.6763103152118196,0.7284693464612216,0.5943286143734323,0.6473883594752581,0.5117030983714059,0.70794875469288,0.5504587201474636,0.7039047860872361,0.7616835716487509,0.7384358452244223,0.6772436508089781,0.7154042989614482,0.6103745831367225,0.45365683510608057,0.5299721025338021,0.536117152578614,0.7142758778420711,0.8719537068795437,0.8180216809343452,0.8755080108924644,0.8536067695286107,0.717925511407405,0.6781402368112633,0.6667264256604308,0.6915204910123329,0.651538664665121,0.6448020920862776
hardstyle,0.7364340440981662,0.6401472254218241,0.5557663580074103,0.5730389872570943,0.49630779060461694,0.45219719664555835,0.4603400143988564,0.5810600290400485,0.6233741234227599,0.6408525281199766,0.5594827506220424,0.4984087300326307,0.7702176186927422,0.8017994333560551,0.650432815959244,0.44407264867574525,0.5715519014930318,1.0000000000000004,0.5540748362917599,0.5017634546545723,0.4516314256779119,0.6675150683442017,0.517150626786561,0.481382870748333,0.5668264002201804,0.4822309127408432,0.584917547246719,0.5316316404813743,0.7603982543912011,0.5510438265783799,0.5812958855071529,0.5867797634068599,0.5623851576509801,0.4818151329672524,0.5468606195259242,0.4577825380027951,0.5205148672691947,0.4991243544170068,0.5600379183561457,0.5120724409695139,0.5638199679418577,0.6006772369865034,0.49235475950506535,0.5525088168497797,0.5995493971621346,0.5436684132594632,0.49904567695186214,0.6336669119985603,0.7949647666848327,0.6173909871870616
indie 1,0.7006557085353375,0.9133977399665281,0.8139654937012,0.6999373733290155,0.5391863842935217,0.6684727281062339,0.7197733145409535,0.9100212810143188,0.9327315909923903,0.9106829867765662,0.7024192859282492,0.7320601299320346,0.8750686503257643,0.7230938569822227,0.8819872986115306,0.8514181802389449,0.7143687999931472,0.5540748362917599,1.0,0.97903714988511,0.9267687659646493,0.9717780549086796,0.9540936746659823,0.6698553104072584,0.8976428670857286,0.7642914981794449,0.8136154069242282,0.606654171348397,0.7848455935287861,0.6840008385938365,0.8671529509851574,0.9478396922711037,0.8529076332521862,0.751764680824148,0.9649745161565908,0.7777813536835818,0.6901347681243797,0.775547052919169,0.6563214186911207,0.9552718811897148,0.8900832481309884,0.9540499660481994,0.7848794116332509,0.7212891914717132,0.9812458159789916,0.915333803784616,0.8078238799105131,0.8505740126091039,0.752331943373048,0.8527541731371338
indie 2,0.6903720772151472,0.8852281303673736,0.8007132063570794,0.6629888992594406,0.5109265759448034,0.6419652849484214,0.7029991453369431,0.8815814838424951,0.867148600723988,0.866643904453033,0.655968993755173,0.7180939052597848,0.8629079405853001,0.706827016881022,0.9112919808143116,0.8897327700110106,0.7208603650910435,0.5017634546545723,0.97903714988511,1.0,0.9807711105524344,0.954527544043752,0.952649635815997,0.6786089249366394,0.9220406590256611,0.7842825312091812,0.7904039550211617,0.5839967480857788,0.7597975541741756,0.6440946220967632,0.8363996461429366,0.9477011465453247,0.8693080795819218,0.783905646212756,0.9567807069844736,0.7825938102396024,0.6508756423178347,0.7638518769537438,0.6300609042802611,0.9848904847320874,0.8945588639894597,0.9306247178624298,0.8049934728382717,0.7423846046606488,0.9425069340965642,0.8840805483611082,0.8290590434469349,0.8472835708224143,0.7297295569290679,0.8010045435583335
indie 3,0.6513980284907916,0.8478156884378572,0.7690286744592963,0.6302899304265386,0.4890630086130251,0.6172595179905398,0.6837450794320277,0.829606793081439,0.8005276121805158,0.824816668690395,0.6278159502288376,0.6812333494702002,0.8253580175829629,0.676808640243354,0.8951682590043832,0.9034735309902426,0.7120172586456384,0.4516314256779119,0.9267687659646493,0.9807711105524344,0.9999999999999996,0.9063374560799993,0.9129050727592367,0.6566845429340475,0.8948860054858709,0.7573614646603164,0.7536069117208246,0.5568683626357438,0.7308752831407672,0.6162653687761486,0.8070800554268771,0.929468476489969,0.8757042101630422,0.8072415883784088,0.9238997834868601,0.7738949079585837,0.6030204431173741,0.7239674129633696,0.5936064859505281,0.9666978272865495,0.8798789490234769,0.890830474420357,0.8066492082997899,0.7533902134171074,0.8869314180365607,0.8412191604554303,0.8060641215724129,0.810963495901018,0.6828759833024416,0.7484413419808451
indietronica,0.8159461266038697,0.9288223869918197,0.8352910644019761,0.7315003129168303,0.5783356797245899,0.6890079455224039,0.7198144101093032,0.8921524647228609,0.9324521821471361,0.9257338626461522,0.726169880357032,0.7160990853370395,0.9525653428204117,0.8319444915552918,0.9458639804080391,0.8212568128176052,0.774320048576876,0.6675150683442017,0.9717780549086796,0.954527544043752,0.9063374560799993,1.0000000000000004,0.9409396675693559,0.7106241023793763,0.9193647357700399,0.7724841908440283,0.8039861398858079,0.6081448344366057,0.8691109789583022,0.7268292137225807,0.8791672829841332,0.947356791442653,0.8651740256268976,0.7586649624973294,0.9337967992277652,0.7472162376152299,0.675970838742932,0.7647431287663891,0.6619454159065726,0.9447557664265176,0.912958883559294,0.9611435436360406,0.8159902428541761,0.7802189012534755,0.9658984569714013,0.9083062333353971,0.8159505181725671,0.9070130198471488,0.8534731726570682,0.8805327514821475
jazz,0.6964028790496274,0.88578394062452,0.8123772539766374,0.6636401974434873,0.5131562783789635,0.6491384139150199,0.673436619150442,0.8926187146527944,0.8753675724389478,0.8759382800486842,0.6795078575475388,0.7404443492985014,0.8436395059439682,0.6877556591112466,0.8898547986247505,0.8198469332209064,0.7140119078157705,0.517150626786561,0.9540936746659823,0.952649635815997,0.9129050727592367,0.9409396675693559,1.0000000000000002,0.6918794950361542,0.9129079089937562,0.7902353595222738,0.7571065470846738,0.5538706071530152,0.7482632776531921,0.6714041685294941,0.8540851740734012,0.9067905183719792,0.814143500715716,0.7121741708962529,0.9187322259536352,0.7172476102348337,0.6793719073314506,0.7883860140428915,0.6316392425591728,0.9558598457639855,0.874210112306606,0.9205386861845808,0.7806108368516038,0.7255860161284642,0.9375841212126536,0.8693079387972376,0.7930217672391933,0.8474031990383413,0.7318513007551652,0.8111954784967568
lo-fi,0.5525687065443898,0.6518338765464586,0.6542441036531192,0.5689127591017005,0.4734671273907538,0.5374409894825005,0.47664904138812014,0.6107020236394087,0.6332060102535375,0.6504817730831326,0.6330886512084546,0.47760562552745955,0.6739650795845229,0.5858683234530712,0.6977229459918082,0.6450549423609115,0.6763103152118196,0.481382870748333,0.6698553104072584,0.6786089249366394,0.6566845429340475,0.7106241023793763,0.6918794950361542,1.000000000000001,0.7887215989036893,0.7535475492058449,0.5962613735750715,0.47331037542160925,0.6436139367366602,0.5886897309532064,0.6042054955170998,0.6778140843397058,0.6417571267117357,0.5701169267400168,0.6646509899858775,0.5788380708769771,0.4383902190735195,0.5408400675284699,0.5208536427071071,0.6861782402781784,0.7082717752938994,0.6966364163962042,0.6672804005923779,0.7179182949679868,0.6564692113382851,0.6243939905007013,0.6516096466536998,0.6981129962763378,0.5418362708529225,0.6287127662284827
makers 1,0.7473147622262999,0.8155124821000774,0.7772136680455266,0.6255456532848442,0.49184608209671343,0.6079199652770397,0.6065600827966349,0.8307295105370198,0.7785425727607627,0.7846083194066964,0.6056588858438618,0.6885442502941401,0.8698842692745806,0.7412428942933684,0.9274391669183194,0.8305648957124357,0.7284693464612216,0.5668264002201804,0.8976428670857286,0.9220406590256611,0.8948860054858709,0.9193647357700399,0.9129079089937562,0.7887215989036893,0.9999999999999998,0.9288938524296451,0.7597912710696195,0.5829007555953369,0.7701081428393791,0.5954331229280763,0.7563075965618239,0.8678845242209778,0.7985648651681212,0.7168036444017909,0.8821881017049463,0.7356140479538168,0.610632705991469,0.7543701942243985,0.6480861639524969,0.9388747336374278,0.8440339192051675,0.8595323921741576,0.7675585465460923,0.7417515392743002,0.856309992020929,0.7824221487193159,0.8255869660177759,0.8595453985498478,0.7567520237274108,0.745883829196706
makers 2,0.5885219359364825,0.6789906337130234,0.6784835260814677,0.5217921582358925,0.4042213505426144,0.5222051940821533,0.5051691453085472,0.7207154799395976,0.6551815435974803,0.6689814548251422,0.54263840497657,0.6012183547577735,0.7210487717036931,0.6108924895715906,0.7717582212290628,0.722829442172006,0.5943286143734323,0.4822309127408432,0.7642914981794449,0.7842825312091812,0.7573614646603164,0.7724841908440283,0.7902353595222738,0.7535475492058449,0.9288938524296451,1.0000000000000007,0.6671717917912996,0.5197369544419932,0.659694113327862,0.5340000486070939,0.646223537645958,0.7296064347375395,0.6664245072001815,0.5946255047886251,0.7635814287543254,0.6512007753573386,0.5361720416484188,0.6737697036651269,0.5919018858231968,0.8044463925694141,0.7091761315770357,0.7243744772508909,0.6398980935098173,0.6287483811861596,0.729312003010387,0.6411351939178676,0.6623463968553941,0.7140333970058003,0.6007207082184184,0.6374899991013252
metalcore 1,0.6378788029204934,0.7509962863833268,0.7432862718920796,0.6609514973709845,0.5467488098586948,0.5433831692227301,0.6001597973011044,0.8778234922573951,0.7735480708492257,0.7916584647679756,0.6381175352029491,0.8009622549308205,0.7577327516923273,0.6604169232437826,0.7167592253311801,0.8604135388967292,0.6473883594752581,0.584917547246719,0.8136154069242282,0.7904039550211617,0.7536069117208246,0.8039861398858079,0.7571065470846738,0.5962613735750715,0.7597912710696195,0.6671717917912996,0.9999999999999997,0.9471830053317105,0.6994329870974697,0.6417952282304156,0.7448656943188028,0.7969551388054581,0.7418691834558049,0.6654859354398783,0.8892482465800442,0.8776339009776887,0.7268094203120259,0.840721891404995,0.9380502663767982,0.785442678741584,0.7716786736714524,0.8064516036364461,0.6970150629778442,0.6842652106756482,0.8100831253668688,0.752118833568961,0.6864501909203614,0.7238514067046029,0.6574757811009027,0.7514947536430159
metalcore 2,0.5232323358352451,0.5693046366348143,0.5874759535829176,0.543431501922147,0.46939815029203347,0.39868175823341134,0.4476212638345095,0.7391410073554096,0.5831945284774339,0.6132915104260342,0.5146607675098163,0.7210000457150096,0.5967315670421321,0.5441858052068267,0.5345692865258445,0.7133037629804035,0.5117030983714059,0.5316316404813743,0.606654171348397,0.5839967480857788,0.5568683626357438,0.6081448344366057,0.5538706071530152,0.47331037542160925,0.5829007555953369,0.5197369544419932,0.9471830053317105,1.0,0.5621642487094312,0.5109093589907159,0.5724725086678903,0.6071223491241229,0.5797911418529509,0.5265743019096664,0.7098303352080246,0.7685343145286712,0.6453282385268015,0.7611115061262488,0.9568006300305238,0.5892044257280621,0.5924140030985534,0.6116965857536985,0.5396093319412991,0.5523831191660036,0.6092700746482445,0.5664335417225468,0.5452233236974727,0.5598555950129962,0.5227778352448221,0.586376652929984
monstercat,0.8273123289339682,0.8115862552540841,0.740330298967997,0.7122304926043437,0.5921614225266278,0.654807884044571,0.6170136616363286,0.7249594800110353,0.8226611658013461,0.8470509532399013,0.725703522432524,0.5507220893188656,0.9228428430779566,0.9277026423599459,0.8238927059986381,0.6690278733191529,0.70794875469288,0.7603982543912011,0.7848455935287861,0.7597975541741756,0.7308752831407672,0.8691109789583022,0.7482632776531921,0.6436139367366602,0.7701081428393791,0.659694113327862,0.6994329870974697,0.5621642487094312,1.0,0.745801328920403,0.7636240108630639,0.8207228899065219,0.7829297982541434,0.6894956383935474,0.763242553662782,0.6378025048873806,0.5647237061593906,0.6229230872132958,0.5818441246353943,0.7417600416499961,0.7845117258656458,0.8173142404800737,0.6985152484004611,0.7214351571441535,0.8120973431498162,0.7644392698846328,0.6948584454325789,0.7776361262040773,0.845899816865521,0.823361718656078
otacore,0.5806325979706708,0.7589110957049642,0.862739617953245,0.7575517540319883,0.6644467048091622,0.6891969520308209,0.6276644718034803,0.7006423558207355,0.788336026742638,0.8357585020544194,0.7429179047936203,0.565638489625449,0.6821381850014114,0.6150560023567262,0.6197375839777433,0.5911853168530206,0.5504587201474636,0.5510438265783799,0.6840008385938365,0.6440946220967632,0.6162653687761486,0.7268292137225807,0.6714041685294941,0.5886897309532064,0.5954331229280763,0.5340000486070939,0.6417952282304156,0.5109093589907159,0.745801328920403,0.9999999999999998,0.733607660133822,0.7289136009643633,0.6952314505598298,0.601282814677472,0.6809013020272592,0.564503052906156,0.6447045727462881,0.6008678276528867,0.5515942768623764,0.629717280489448,0.664985680870319,0.724240207182599,0.5685657817441222,0.6012273196602732,0.7500648865405961,0.7326576712642721,0.48464827876221866,0.7051820515984022,0.5993158761272498,0.8625663452154783
political,0.6537487065065768,0.9094466331501285,0.7731114795865682,0.7226338977939704,0.5765818814249788,0.6725644488670768,0.7481625796745245,0.8293514785970081,0.9264915436468514,0.9544839890161336,0.7942451738100067,0.6740922408488403,0.8121932820998229,0.6920713697384475,0.7854927997135475,0.7429410475390881,0.7039047860872361,0.5812958855071529,0.8671529509851574,0.8363996461429366,0.8070800554268771,0.8791672829841332,0.8540851740734012,0.6042054955170998,0.7563075965618239,0.646223537645958,0.7448656943188028,0.5724725086678903,0.7636240108630639,0.733607660133822,0.9999999999999997,0.8891568192542085,0.8296555724250272,0.7211303729177096,0.8619012970606815,0.690013249509476,0.6663677536258725,0.6909911146504557,0.6217239979814191,0.8112841041883012,0.8625205163299533,0.927463478513046,0.7667571194667915,0.746300893086471,0.9236264016875835,0.894054180353796,0.6445175088570494,0.801731748561295,0.7172196328525182,0.8379371472380741
pop 1,0.6959786512282741,0.9240208000998407,0.8379478349319833,0.7868616640477188,0.6486866302661396,0.7156991839041946,0.8143939657424679,0.8560041466003458,0.9079647675581703,0.928592656781566,0.7417680641059257,0.6796645692794994,0.8936437809607654,0.7676025615489864,0.8758359828212732,0.8451151009097777,0.7616835716487509,0.5867797634068599,0.9478396922711037,0.9477011465453247,0.929468476489969,0.947356791442653,0.9067905183719792,0.6778140843397058,0.8678845242209778,0.7296064347375395,0.7969551388054581,0.6071223491241229,0.8207228899065219,0.7289136009643633,0.8891568192542085,0.9999999999999989,0.9711759755497062,0.9076021942594306,0.9315078207674388,0.7764893008421749,0.6600019384570843,0.7209356391110002,0.6331201639525582,0.9143618964123309,0.9211726868393617,0.9541059364877685,0.8329451381784723,0.785891370443605,0.9572484697350692,0.9129723225743942,0.8065924452239162,0.83721638842037,0.7628206194622897,0.8431282404169944
pop 2,0.6405845109049608,0.8581283100994384,0.7914379228915254,0.789686837959348,0.6772852750845554,0.6927443194620166,0.8228450609531625,0.7656195457107788,0.8198303040056817,0.8628414552950698,0.701089231928339,0.6062986721943076,0.8442409615955504,0.7429838858377681,0.8154410628205466,0.7928657400270915,0.7384358452244223,0.5623851576509801,0.8529076332521862,0.8693080795819218,0.8757042101630422,0.8651740256268976,0.814143500715716,0.6417571267117357,0.7985648651681212,0.6664245072001815,0.7418691834558049,0.5797911418529509,0.7829297982541434,0.6952314505598298,0.8296555724250272,0.9711759755497062,0.9999999999999996,0.9772284478565221,0.8508950226146006,0.7299623760838825,0.5963401466798588,0.6402289805281562,0.5861450187787853,0.8312008726111149,0.8744716911232602,0.8829992233128723,0.8036355402658465,0.7692375705265806,0.8729296246614426,0.8413855540449797,0.7592393791597141,0.764809105810086,0.7121005637302482,0.7684868684512134
pop 3,0.54700540703488,0.7509523504470668,0.706570931231839,0.7362559684023073,0.6483598759013709,0.6232744535098145,0.7737438679539717,0.6586068609360184,0.6971292900084389,0.7491405522040071,0.5943418202207055,0.5165622141942766,0.7578375607942691,0.671500010228641,0.727090542035342,0.7281163726209661,0.6772436508089781,0.4818151329672524,0.751764680824148,0.783905646212756,0.8072415883784088,0.7586649624973294,0.7121741708962529,0.5701169267400168,0.7168036444017909,0.5946255047886251,0.6654859354398783,0.5265743019096664,0.6894956383935474,0.601282814677472,0.7211303729177096,0.9076021942594306,0.9772284478565221,1.0,0.7574421854707201,0.6704450479477275,0.5069982752272184,0.5505506926337749,0.5146902790169463,0.7402331389394992,0.7978857597478305,0.7833863237616938,0.7473646791839856,0.7003267970015674,0.7644705315979803,0.7433765107601316,0.7057476020833726,0.6537118613554684,0.6272165836618397,0.652650353849338
pop-punk 1,0.6694262853821706,0.8752215831701113,0.8128967627652016,0.6915889083576775,0.540142392844964,0.6376185922097314,0.7174245153133905,0.9084803408863891,0.8932346314183846,0.8963281691115151,0.6944333402866456,0.7593902475232668,0.8457331763285558,0.7028753617324994,0.8488160607922958,0.9406051114405398,0.7154042989614482,0.5468606195259242,0.9649745161565908,0.9567807069844736,0.9238997834868601,0.9337967992277652,0.9187322259536352,0.6646509899858775,0.8821881017049463,0.7635814287543254,0.8892482465800442,0.7098303352080246,0.763242553662782,0.6809013020272592,0.8619012970606815,0.9315078207674388,0.8508950226146006,0.7574421854707201,0.9999999999999993,0.9019563240988235,0.7006520245945305,0.7865614824662369,0.7354893635825507,0.9379017049517681,0.8804145900845273,0.931705402503854,0.7844434181616811,0.7385981213926918,0.950969358894477,0.8825791827162861,0.7830675638649418,0.8243745570262089,0.7160822337485463,0.8261422415345703
pop-punk 2,0.5223432501567535,0.6754716406004706,0.6834317062591774,0.5946207168722044,0.4812393225587469,0.5289646980952147,0.5959479674363499,0.7430665216892969,0.7031477036468041,0.7278927917222725,0.5599759796081076,0.6260807957160688,0.6988304293631475,0.6024742694755119,0.6694718140835378,0.9422446575510677,0.6103745831367225,0.4577825380027951,0.7777813536835818,0.7825938102396024,0.7738949079585837,0.7472162376152299,0.7172476102348337,0.5788380708769771,0.7356140479538168,0.6512007753573386,0.8776339009776887,0.7685343145286712,0.6378025048873806,0.564503052906156,0.690013249509476,0.7764893008421749,0.7299623760838825,0.6704450479477275,0.9019563240988235,1.0,0.5639400269731536,0.6656148665156523,0.7358063329207245,0.7597935345057858,0.737984838733013,0.7595751717867891,0.6720119753943417,0.6458158768519928,0.759944270190765,0.7045159100403695,0.6723761745301412,0.6347723785555313,0.5733894959128076,0.6613228931539064
power metal,0.5338564308465763,0.7147057705456861,0.7088567140966082,0.6071340307619686,0.5131075224859939,0.5254205547520497,0.5660785171167922,0.8990995639306454,0.6995460755142329,0.7270414380448269,0.5766452655214556,0.9258919359354307,0.5843109337998613,0.47100207233950364,0.5889011025354196,0.5951350517443432,0.45365683510608057,0.5205148672691947,0.6901347681243797,0.6508756423178347,0.6030204431173741,0.675970838742932,0.6793719073314506,0.4383902190735195,0.610632705991469,0.5361720416484188,0.7268094203120259,0.6453282385268015,0.5647237061593906,0.6447045727462881,0.6663677536258725,0.6600019384570843,0.5963401466798588,0.5069982752272184,0.7006520245945305,0.5639400269731536,1.0,0.859334085994166,0.7458293845119034,0.6807865432109226,0.5679205667082189,0.650764326803861,0.4577968532514729,0.4599053202104036,0.727085850483012,0.6731678528399379,0.5229962438261622,0.7061975718562923,0.5423845568102517,0.7355976610630574
prog. metal,0.6187529923504229,0.7239659566430434,0.7301670170996091,0.5785811620957964,0.46895572543313274,0.477526445530188,0.5117945892697378,0.932901501706899,0.7102325326655436,0.7313244314188412,0.5648594695785676,0.9115204901116223,0.6796133078410069,0.5522152039910508,0.7211446000286765,0.7158640272226597,0.5299721025338021,0.4991243544170068,0.775547052919169,0.7638518769537438,0.7239674129633696,0.7647431287663891,0.7883860140428915,0.5408400675284699,0.7543701942243985,0.6737697036651269,0.840721891404995,0.7611115061262488,0.6229230872132958,0.6008678276528867,0.6909911146504557,0.7209356391110002,0.6402289805281562,0.5505506926337749,0.7865614824662369,0.6656148665156523,0.859334085994166,0.9999999999999991,0.8678024239131368,0.7988385482685421,0.6749839077798333,0.7274295754821032,0.5835498742100321,0.5616313426938664,0.7663568760523998,0.7063720159717498,0.6393216048398841,0.7491047389701655,0.6254663188423051,0.7219137288146737
prog. metal 2,0.5699707473167227,0.6219220268194592,0.6338492603541652,0.5493817119601867,0.46026556070118196,0.41377102296676305,0.46133193542770745,0.8282157362178528,0.6329421519826209,0.6592608791186413,0.5571745410452416,0.8324141274516867,0.6283037133303628,0.5514248115558336,0.5951814068213142,0.7120428993396184,0.536117152578614,0.5600379183561457,0.6563214186911207,0.6300609042802611,0.5936064859505281,0.6619454159065726,0.6316392425591728,0.5208536427071071,0.6480861639524969,0.5919018858231968,0.9380502663767982,0.9568006300305238,0.5818441246353943,0.5515942768623764,0.6217239979814191,0.6331201639525582,0.5861450187787853,0.5146902790169463,0.7354893635825507,0.7358063329207245,0.7458293845119034,0.8678024239131368,0.9999999999999993,0.6508931118298678,0.6291390501877919,0.6576611409587182,0.5682377656503156,0.5880654309202431,0.6608643770725355,0.5989910864646286,0.5657421150001353,0.637337327556251,0.5605172880917337,0.6371742340948325
psychedelic,0.7194580828287979,0.8705828162377227,0.8060455260618555,0.6367694698140494,0.4916480714799427,0.6201470199627456,0.6681425961725092,0.8949133099084519,0.8302349793176772,0.8374125934456034,0.6246652540868987,0.7626461430568738,0.851470892814762,0.6903138677248448,0.9313650396426374,0.8797747583186689,0.7142758778420711,0.5120724409695139,0.9552718811897148,0.9848904847320874,0.9666978272865495,0.9447557664265176,0.9558598457639855,0.6861782402781784,0.9388747336374278,0.8044463925694141,0.785442678741584,0.5892044257280621,0.7417600416499961,0.629717280489448,0.8112841041883012,0.9143618964123309,0.8312008726111149,0.7402331389394992,0.9379017049517681,0.7597935345057858,0.6807865432109226,0.7988385482685421,0.6508931118298678,0.9999999999999993,0.8656999856051573,0.8994407218128131,0.7757795347863689,0.7282690054089416,0.9170971049331063,0.847376330049112,0.8205394856629984,0.8694620046805628,0.7347687215479889,0.7812073677965283
rap 1,0.7003584917434583,0.8609863613162027,0.7635252151529204,0.7071040999937142,0.5686532651719813,0.6405249542309683,0.6793306247511683,0.8046291233859479,0.8525077866097546,0.8785697641490722,0.6992183068069564,0.6506101739952578,0.8779729183393712,0.760223251058451,0.8550167386972978,0.8070006071995537,0.8719537068795437,0.5638199679418577,0.8900832481309884,0.8945588639894597,0.8798789490234769,0.912958883559294,0.874210112306606,0.7082717752938994,0.8440339192051675,0.7091761315770357,0.7716786736714524,0.5924140030985534,0.7845117258656458,0.664985680870319,0.8625205163299533,0.9211726868393617,0.8744716911232602,0.7978857597478305,0.8804145900845273,0.737984838733013,0.5679205667082189,0.6749839077798333,0.6291390501877919,0.8656999856051573,0.9999999999999998,0.9721453853733656,0.9768936282773174,0.9127301895485369,0.8882372521457108,0.846283270538401,0.7624682081993045,0.7817005366277201,0.7250469497994168,0.7814039704863311
rap 2,0.7170417677709249,0.9264974467211327,0.8098826998117141,0.7455388459618713,0.5904323308582223,0.686678669259329,0.7367045848592971,0.8725621655728597,0.9457953457326742,0.9504906155238221,0.766015085651248,0.6980686931022866,0.8973858723490706,0.7664591414307576,0.8663552740107404,0.8189560646615166,0.8180216809343452,0.6006772369865034,0.9540499660481994,0.9306247178624298,0.890830474420357,0.9611435436360406,0.9205386861845808,0.6966364163962042,0.8595323921741576,0.7243744772508909,0.8064516036364461,0.6116965857536985,0.8173142404800737,0.724240207182599,0.927463478513046,0.9541059364877685,0.8829992233128723,0.7833863237616938,0.931705402503854,0.7595751717867891,0.650764326803861,0.7274295754821032,0.6576611409587182,0.8994407218128131,0.9721453853733656,0.9999999999999996,0.903210996625808,0.8462194023143123,0.9660828197282416,0.9190060778856437,0.7718257601737403,0.8366987923204806,0.7616336220684167,0.8628666463932427
rap 3,0.6340279801856452,0.7545174342376059,0.667243052337844,0.6237406008567044,0.5032491053394599,0.5523614856593443,0.5827648971528379,0.699018692642881,0.7333502015933726,0.770346324332895,0.6020645611151991,0.5699287672738087,0.8020172279242868,0.6985484811795832,0.7800011727560436,0.7401872900024524,0.8755080108924644,0.49235475950506535,0.7848794116332509,0.8049934728382717,0.8066492082997899,0.8159902428541761,0.7806108368516038,0.6672804005923779,0.7675585465460923,0.6398980935098173,0.6970150629778442,0.5396093319412991,0.6985152484004611,0.5685657817441222,0.7667571194667915,0.8329451381784723,0.8036355402658465,0.7473646791839856,0.7844434181616811,0.6720119753943417,0.4577968532514729,0.5835498742100321,0.5682377656503156,0.7757795347863689,0.9768936282773174,0.903210996625808,0.9999999999999994,0.9260990196105561,0.7735543859493523,0.7378145029128764,0.6987536001077286,0.6772265819532202,0.6393695478772741,0.6669027255348794
rap 4,0.6610053487904219,0.7390191255897733,0.6727608978217009,0.6247458834326205,0.5144981050755042,0.5336129204492528,0.5743543903073693,0.6680028129806976,0.7058836039479381,0.7537358199222238,0.6395877950001537,0.5573098651488624,0.7779132877859917,0.6930361278789561,0.7649297299293583,0.7200889959073105,0.8536067695286107,0.5525088168497797,0.7212891914717132,0.7423846046606488,0.7533902134171074,0.7802189012534755,0.7255860161284642,0.7179182949679868,0.7417515392743002,0.6287483811861596,0.6842652106756482,0.5523831191660036,0.7214351571441535,0.6012273196602732,0.746300893086471,0.785891370443605,0.7692375705265806,0.7003267970015674,0.7385981213926918,0.6458158768519928,0.4599053202104036,0.5616313426938664,0.5880654309202431,0.7282690054089416,0.9127301895485369,0.8462194023143123,0.9260990196105561,1.0000000000000002,0.7294259534170955,0.6739800964222094,0.64696850543224,0.6923015946644202,0.6245423703696642,0.6631414243912227
rock,0.701481006372902,0.9472353155037088,0.8367621022587401,0.7517956435617221,0.5924076035150737,0.7067927632258182,0.7730453370992947,0.9130271586497005,0.9735319308746471,0.96522733768461,0.7735079494971806,0.7360525701307717,0.8743809766852217,0.7319579412490822,0.8544738563732769,0.8152114320862854,0.717925511407405,0.5995493971621346,0.9812458159789916,0.9425069340965642,0.8869314180365607,0.9658984569714013,0.9375841212126536,0.6564692113382851,0.856309992020929,0.729312003010387,0.8100831253668688,0.6092700746482445,0.8120973431498162,0.7500648865405961,0.9236264016875835,0.9572484697350692,0.8729296246614426,0.7644705315979803,0.950969358894477,0.759944270190765,0.727085850483012,0.7663568760523998,0.6608643770725355,0.9170971049331063,0.8882372521457108,0.9660828197282416,0.7735543859493523,0.7294259534170955,1.0000000000000004,0.9400229472099079,0.76663142142842,0.860875469786074,0.7591651277065146,0.8959452931171759
soundtrack,0.6437070525646873,0.9076948016931179,0.786635576353748,0.7291277656519006,0.57954566654742,0.7080728414903159,0.7464188114891601,0.8422688970619119,0.9311317037440578,0.9334648114625299,0.7661537871793712,0.6595084096672215,0.8253231638550362,0.6950394809767527,0.796236910258104,0.7561142650974291,0.6781402368112633,0.5436684132594632,0.915333803784616,0.8840805483611082,0.8412191604554303,0.9083062333353971,0.8693079387972376,0.6243939905007013,0.7824221487193159,0.6411351939178676,0.752118833568961,0.5664335417225468,0.7644392698846328,0.7326576712642721,0.894054180353796,0.9129723225743942,0.8413855540449797,0.7433765107601316,0.8825791827162861,0.7045159100403695,0.6731678528399379,0.7063720159717498,0.5989910864646286,0.847376330049112,0.846283270538401,0.9190060778856437,0.7378145029128764,0.6739800964222094,0.9400229472099079,1.0000000000000004,0.7306322432848543,0.8400667948936931,0.7216368641363489,0.8833693293223737
spotify,0.6624934236175157,0.7583175809823915,0.6811987597250071,0.5798072034174543,0.4711269890642477,0.5510883373557718,0.5651645584363639,0.7202081687729429,0.6961401557673819,0.6975228117670803,0.5725575800857485,0.5818476768543455,0.7904478941704098,0.6943892237254321,0.795131088428306,0.7274265314222739,0.6667264256604308,0.49904567695186214,0.8078238799105131,0.8290590434469349,0.8060641215724129,0.8159505181725671,0.7930217672391933,0.6516096466536998,0.8255869660177759,0.6623463968553941,0.6864501909203614,0.5452233236974727,0.6948584454325789,0.48464827876221866,0.6445175088570494,0.8065924452239162,0.7592393791597141,0.7057476020833726,0.7830675638649418,0.6723761745301412,0.5229962438261622,0.6393216048398841,0.5657421150001353,0.8205394856629984,0.7624682081993045,0.7718257601737403,0.6987536001077286,0.64696850543224,0.76663142142842,0.7306322432848543,1.0000000000000004,0.7464331611098853,0.6873346560944239,0.6567173826242958
synthwave,0.7903386164272994,0.8631588439594642,0.8097484334649296,0.6627626534131918,0.5324211239790765,0.6316718674657488,0.6451614419785756,0.8444090956884172,0.8327972439972294,0.8452868479302597,0.698074006379998,0.7232471460740857,0.8484868601112682,0.7216049572336973,0.8974279085429764,0.7311155744384799,0.6915204910123329,0.6336669119985603,0.8505740126091039,0.8472835708224143,0.810963495901018,0.9070130198471488,0.8474031990383413,0.6981129962763378,0.8595453985498478,0.7140333970058003,0.7238514067046029,0.5598555950129962,0.7776361262040773,0.7051820515984022,0.801731748561295,0.83721638842037,0.764809105810086,0.6537118613554684,0.8243745570262089,0.6347723785555313,0.7061975718562923,0.7491047389701655,0.637337327556251,0.8694620046805628,0.7817005366277201,0.8366987923204806,0.6772265819532202,0.6923015946644202,0.860875469786074,0.8400667948936931,0.7464331611098853,1.0000000000000004,0.7801575682339715,0.849406600494484
trance,0.8842859112243283,0.7527305409697712,0.6914034497355332,0.6414313536681975,0.5342693713262774,0.5817247238900684,0.569661839380851,0.7030284859750515,0.7421172444857917,0.7522080321183975,0.5697135920309196,0.562401702601498,0.9364431677734861,0.9239976326451478,0.8703154961615891,0.6076784125259584,0.651538664665121,0.7949647666848327,0.752331943373048,0.7297295569290679,0.6828759833024416,0.8534731726570682,0.7318513007551652,0.5418362708529225,0.7567520237274108,0.6007207082184184,0.6574757811009027,0.5227778352448221,0.845899816865521,0.5993158761272498,0.7172196328525182,0.7628206194622897,0.7121005637302482,0.6272165836618397,0.7160822337485463,0.5733894959128076,0.5423845568102517,0.6254663188423051,0.5605172880917337,0.7347687215479889,0.7250469497994168,0.7616336220684167,0.6393695478772741,0.6245423703696642,0.7591651277065146,0.7216368641363489,0.6873346560944239,0.7801575682339715,1.0,0.7136902659729505
video games,0.6879514766645625,0.8760872803837266,0.8258192871360401,0.745031008642419,0.6070549611421265,0.6801717133991938,0.7059868746209985,0.8430013868953942,0.9257189656868243,0.9339077272395356,0.7887530401762187,0.6781278769525896,0.808234038360834,0.7029121401722481,0.7615957296092579,0.69697436291984,0.6448020920862776,0.6173909871870616,0.8527541731371338,0.8010045435583335,0.7484413419808451,0.8805327514821475,0.8111954784967568,0.6287127662284827,0.745883829196706,0.6374899991013252,0.7514947536430159,0.586376652929984,0.823361718656078,0.8625663452154783,0.8379371472380741,0.8431282404169944,0.7684868684512134,0.652650353849338,0.8261422415345703,0.6613228931539064,0.7355976610630574,0.7219137288146737,0.6371742340948325,0.7812073677965283,0.7814039704863311,0.8628666463932427,0.6669027255348794,0.6631414243912227,0.8959452931171759,0.8833693293223737,0.6567173826242958,0.849406600494484,0.7136902659729505,1.0
